datetime, nothing, molfrac
2000-01-02,2000.0041,368.89
2000-01-09,2000.0232,369.03
2000-01-16,2000.0423,370.19
2000-01-23,2000.0615,370.24
2000-01-30,2000.0806,369.41
2000-02-06,2000.0997,369.77
2000-02-13,2000.1189,370.14
2000-02-20,2000.1380,369.52
2000-02-27,2000.1571,370.27
2000-03-05,2000.1762,370.24
2000-03-12,2000.1954,370.80
2000-03-19,2000.2145,371.05
2000-03-26,2000.2336,371.29
2000-04-02,2000.2527,371.23
2000-04-09,2000.2719,372.17
2000-04-16,2000.2910,372.50
2000-04-23,2000.3101,372.08
2000-04-30,2000.3292,371.07
2000-05-07,2000.3484,372.04
2000-05-14,2000.3675,371.67
2000-05-21,2000.3866,372.24
2000-05-28,2000.4057,372.04
2000-06-04,2000.4249,372.08
2000-06-11,2000.4440,371.83
2000-06-18,2000.4631,371.95
2000-06-25,2000.4822,371.41
2000-07-02,2000.5014,370.38
2000-07-09,2000.5205,370.31
2000-07-16,2000.5396,370.10
2000-07-23,2000.5587,369.35
2000-07-30,2000.5779,369.08
2000-08-06,2000.5970,368.62
2000-08-13,2000.6161,368.40
2000-08-20,2000.6352,367.68
2000-08-27,2000.6544,367.70
2000-09-03,2000.6735,367.32
2000-09-10,2000.6926,367.33
2000-09-17,2000.7117,366.86
2000-09-24,2000.7309,366.86
2000-10-01,2000.7500,366.78
2000-10-08,2000.7691,366.88
2000-10-15,2000.7883,367.13
2000-10-22,2000.8074,367.62
2000-10-29,2000.8265,368.00
2000-11-05,2000.8456,368.20
2000-11-12,2000.8648,368.75
2000-11-19,2000.8839,368.64
2000-11-26,2000.9030,368.86
2000-12-03,2000.9221,369.84
2000-12-10,2000.9413,369.83
2000-12-17,2000.9604,369.81
2000-12-24,2000.9795,370.02
2000-12-31,2000.9986,370.34
2001-01-07,2001.0178,370.46
2001-01-14,2001.0370,370.84
2001-01-21,2001.0562,370.69
2001-01-28,2001.0753,371.53
2001-02-04,2001.0945,371.76
2001-02-11,2001.1137,372.14
2001-02-18,2001.1329,371.66
2001-02-25,2001.1521,371.90
2001-03-04,2001.1712,372.37
2001-03-11,2001.1904,372.67
2001-03-18,2001.2096,372.72
2001-03-25,2001.2288,372.58
2001-04-01,2001.2479,372.63
2001-04-08,2001.2671,373.79
2001-04-15,2001.2863,373.90
2001-04-22,2001.3055,373.79
2001-04-29,2001.3247,373.73
2001-05-06,2001.3438,374.12
2001-05-13,2001.3630,373.88
2001-05-20,2001.3822,374.09
2001-05-27,2001.4014,374.07
2001-06-03,2001.4205,373.65
2001-06-10,2001.4397,373.23
2001-06-17,2001.4589,373.30
2001-06-24,2001.4781,373.20
2001-07-01,2001.4973,372.66
2001-07-08,2001.5164,371.51
2001-07-15,2001.5356,371.48
2001-07-22,2001.5548,371.04
2001-07-29,2001.5740,371.06
2001-08-05,2001.5932,370.09
2001-08-12,2001.6123,369.36
2001-08-19,2001.6315,369.48
2001-08-26,2001.6507,369.45
2001-09-02,2001.6699,368.50
2001-09-09,2001.6890,368.72
2001-09-16,2001.7082,368.21
2001-09-23,2001.7274,367.97
2001-09-30,2001.7466,368.21
2001-10-07,2001.7658,368.46
2001-10-14,2001.7849,368.33
2001-10-21,2001.8041,368.87
2001-10-28,2001.8233,369.29
2001-11-04,2001.8425,369.29
2001-11-11,2001.8616,370.01
2001-11-18,2001.8808,370.39
2001-11-25,2001.9000,370.61
2001-12-02,2001.9192,370.96
2001-12-09,2001.9384,371.40
2001-12-16,2001.9575,371.44
2001-12-23,2001.9767,371.87
2001-12-30,2001.9959,372.38
2002-01-06,2002.0151,372.38
2002-01-13,2002.0342,372.91
2002-01-20,2002.0534,372.75
2002-01-27,2002.0726,372.99
2002-02-03,2002.0918,373.13
2002-02-10,2002.1110,373.18
2002-02-17,2002.1301,373.26
2002-02-24,2002.1493,373.91
2002-03-03,2002.1685,374.06
2002-03-10,2002.1877,374.31
2002-03-17,2002.2068,374.81
2002-03-24,2002.2260,374.45
2002-03-31,2002.2452,374.43
2002-04-07,2002.2644,374.70
2002-04-14,2002.2836,375.40
2002-04-21,2002.3027,375.59
2002-04-28,2002.3219,376.23
2002-05-05,2002.3411,375.76
2002-05-12,2002.3603,375.23
2002-05-19,2002.3795,376.10
2002-05-26,2002.3986,376.41
2002-06-02,2002.4178,376.07
2002-06-09,2002.4370,375.62
2002-06-16,2002.4562,375.40
2002-06-23,2002.4753,375.66
2002-06-30,2002.4945,374.99
2002-07-07,2002.5137,374.63
2002-07-14,2002.5329,374.09
2002-07-21,2002.5521,373.51
2002-07-28,2002.5712,373.49
2002-08-04,2002.5904,372.75
2002-08-11,2002.6096,371.98
2002-08-18,2002.6288,371.50
2002-08-25,2002.6479,371.11
2002-09-01,2002.6671,370.43
2002-09-08,2002.6863,371.81
2002-09-15,2002.7055,371.01
2002-09-22,2002.7247,370.67
2002-09-29,2002.7438,370.05
2002-10-06,2002.7630,370.08
2002-10-13,2002.7822,371.41
2002-10-20,2002.8014,370.87
2002-10-27,2002.8205,371.24
2002-11-03,2002.8397,372.14
2002-11-10,2002.8589,372.04
2002-11-17,2002.8781,372.91
2002-11-24,2002.8973,372.94
2002-12-01,2002.9164,373.23
2002-12-08,2002.9356,373.77
2002-12-15,2002.9548,373.75
2002-12-22,2002.9740,374.66
2002-12-29,2002.9932,374.88
2003-01-05,2003.0123,374.73
2003-01-12,2003.0315,375.21
2003-01-19,2003.0507,375.11
2003-01-26,2003.0699,375.48
2003-02-02,2003.0890,375.35
2003-02-09,2003.1082,375.30
2003-02-16,2003.1274,376.57
2003-02-23,2003.1466,376.20
2003-03-02,2003.1658,376.49
2003-03-09,2003.1849,376.55
2003-03-16,2003.2041,376.15
2003-03-23,2003.2233,377.18
2003-03-30,2003.2425,377.03
2003-04-06,2003.2616,377.32
2003-04-13,2003.2808,377.98
2003-04-20,2003.3000,378.54
2003-04-27,2003.3192,378.81
2003-05-04,2003.3384,378.25
2003-05-11,2003.3575,378.25
2003-05-18,2003.3767,379.62
2003-05-25,2003.3959,378.91
2003-06-01,2003.4151,378.59
2003-06-08,2003.4342,378.68
2003-06-15,2003.4534,378.30
2003-06-22,2003.4726,378.49
2003-06-29,2003.4918,377.75
2003-07-06,2003.5110,376.74
2003-07-13,2003.5301,377.41
2003-07-20,2003.5493,376.57
2003-07-27,2003.5685,376.08
2003-08-03,2003.5877,375.12
2003-08-10,2003.6068,374.90
2003-08-17,2003.6260,374.06
2003-08-24,2003.6452,373.61
2003-08-31,2003.6644,373.37
2003-09-07,2003.6836,373.30
2003-09-14,2003.7027,373.05
2003-09-21,2003.7219,373.51
2003-09-28,2003.7411,373.45
2003-10-05,2003.7603,373.09
2003-10-12,2003.7795,372.95
2003-10-19,2003.7986,373.60
2003-10-26,2003.8178,373.57
2003-11-02,2003.8370,374.13
2003-11-09,2003.8562,374.70
2003-11-16,2003.8753,375.06
2003-11-23,2003.8945,375.45
2003-11-30,2003.9137,375.49
2003-12-07,2003.9329,375.95
2003-12-14,2003.9521,376.51
2003-12-21,2003.9712,376.31
2003-12-28,2003.9904,376.53
2004-01-04,2004.0096,376.51
2004-01-11,2004.0287,377.13
2004-01-18,2004.0478,377.28
2004-01-25,2004.0669,378.13
2004-02-01,2004.0861,378.06
2004-02-08,2004.1052,378.61
2004-02-15,2004.1243,377.67
2004-02-22,2004.1434,377.79
2004-02-29,2004.1626,378.46
2004-03-07,2004.1817,379.14
2004-03-14,2004.2008,379.40
2004-03-21,2004.2199,378.67
2004-03-28,2004.2391,379.90
2004-04-04,2004.2582,380.20
2004-04-11,2004.2773,380.92
2004-04-18,2004.2964,380.56
2004-04-25,2004.3156,380.82
2004-05-02,2004.3347,380.90
2004-05-09,2004.3538,380.89
2004-05-16,2004.3730,380.43
2004-05-23,2004.3921,381.25
2004-05-30,2004.4112,380.11
2004-06-06,2004.4303,380.27
2004-06-13,2004.4495,380.34
2004-06-20,2004.4686,379.55
2004-06-27,2004.4877,379.32
2004-07-04,2004.5068,378.50
2004-07-11,2004.5260,378.07
2004-07-18,2004.5451,376.92
2004-07-25,2004.5642,376.59
2004-08-01,2004.5833,376.91
2004-08-08,2004.6025,376.41
2004-08-15,2004.6216,375.95
2004-08-22,2004.6407,376.26
2004-08-29,2004.6598,374.17
2004-09-05,2004.6790,374.62
2004-09-12,2004.6981,374.23
2004-09-19,2004.7172,374.57
2004-09-26,2004.7363,374.48
2004-10-03,2004.7555,374.16
2004-10-10,2004.7746,374.40
2004-10-17,2004.7937,374.74
2004-10-24,2004.8128,375.13
2004-10-31,2004.8320,375.48
2004-11-07,2004.8511,375.63
2004-11-14,2004.8702,376.98
2004-11-21,2004.8893,376.90
2004-11-28,2004.9085,376.99
2004-12-05,2004.9276,377.72
2004-12-12,2004.9467,377.40
2004-12-19,2004.9658,377.95
2004-12-26,2004.9850,377.99
2005-01-02,2005.0041,378.36
2005-01-09,2005.0233,378.61
2005-01-16,2005.0425,378.52
2005-01-23,2005.0616,378.80
2005-01-30,2005.0808,379.59
2005-02-06,2005.1000,379.40
2005-02-13,2005.1192,380.10
2005-02-20,2005.1384,380.05
2005-02-27,2005.1575,381.54
2005-03-06,2005.1767,380.24
2005-03-13,2005.1959,381.46
2005-03-20,2005.2151,380.40
2005-03-27,2005.2342,381.95
2005-04-03,2005.2534,382.49
2005-04-10,2005.2726,382.28
2005-04-17,2005.2918,382.35
2005-04-24,2005.3110,382.76
2005-05-01,2005.3301,382.13
2005-05-08,2005.3493,382.15
2005-05-15,2005.3685,382.82
2005-05-22,2005.3877,383.20
2005-05-29,2005.4068,382.98
2005-06-05,2005.4260,382.82
2005-06-12,2005.4452,382.60
2005-06-19,2005.4644,382.13
2005-06-26,2005.4836,381.56
2005-07-03,2005.5027,381.28
2005-07-10,2005.5219,381.05
2005-07-17,2005.5411,380.95
2005-07-24,2005.5603,380.34
2005-07-31,2005.5795,380.03
2005-08-07,2005.5986,379.10
2005-08-14,2005.6178,379.02
2005-08-21,2005.6370,378.18
2005-08-28,2005.6562,378.14
2005-09-04,2005.6753,377.55
2005-09-11,2005.6945,376.41
2005-09-18,2005.7137,376.53
2005-09-25,2005.7329,376.64
2005-10-02,2005.7521,376.83
2005-10-09,2005.7712,377.10
2005-10-16,2005.7904,377.40
2005-10-23,2005.8096,377.70
2005-10-30,2005.8288,378.00
2005-11-06,2005.8479,378.14
2005-11-13,2005.8671,379.05
2005-11-20,2005.8863,378.68
2005-11-27,2005.9055,379.22
2005-12-04,2005.9247,380.12
2005-12-11,2005.9438,380.37
2005-12-18,2005.9630,380.44
2005-12-25,2005.9822,380.69
2006-01-01,2006.0014,381.46
2006-01-08,2006.0205,381.40
2006-01-15,2006.0397,381.75
2006-01-22,2006.0589,381.82
2006-01-29,2006.0781,381.82
2006-02-05,2006.0973,382.49
2006-02-12,2006.1164,382.80
2006-02-19,2006.1356,382.13
2006-02-26,2006.1548,382.33
2006-03-05,2006.1740,383.08
2006-03-12,2006.1932,383.06
2006-03-19,2006.2123,383.09
2006-03-26,2006.2315,382.62
2006-04-02,2006.2507,384.37
2006-04-09,2006.2699,384.96
2006-04-16,2006.2890,385.05
2006-04-23,2006.3082,384.94
2006-04-30,2006.3274,385.07
2006-05-07,2006.3466,385.21
2006-05-14,2006.3658,385.51
2006-05-21,2006.3849,385.14
2006-05-28,2006.4041,384.85
2006-06-04,2006.4233,384.37
2006-06-11,2006.4425,384.46
2006-06-18,2006.4616,384.12
2006-06-25,2006.4808,383.63
2006-07-02,2006.5000,383.30
2006-07-09,2006.5192,383.01
2006-07-16,2006.5384,381.99
2006-07-23,2006.5575,382.30
2006-07-30,2006.5767,381.70
2006-08-06,2006.5959,380.78
2006-08-13,2006.6151,380.59
2006-08-20,2006.6342,379.98
2006-08-27,2006.6534,379.74
2006-09-03,2006.6726,378.81
2006-09-10,2006.6918,379.36
2006-09-17,2006.7110,378.86
2006-09-24,2006.7301,379.06
2006-10-01,2006.7493,379.11
2006-10-08,2006.7685,379.09
2006-10-15,2006.7877,379.12
2006-10-22,2006.8068,379.67
2006-10-29,2006.8260,379.84
2006-11-05,2006.8452,379.96
2006-11-12,2006.8644,380.19
2006-11-19,2006.8836,380.57
2006-11-26,2006.9027,381.44
2006-12-03,2006.9219,381.67
2006-12-10,2006.9411,381.90
2006-12-17,2006.9603,382.39
2006-12-24,2006.9795,382.18
2006-12-31,2006.9986,382.29
2007-01-07,2007.0178,383.14
2007-01-14,2007.0370,382.65
2007-01-21,2007.0562,383.77
2007-01-28,2007.0753,383.88
2007-02-04,2007.0945,383.48
2007-02-11,2007.1137,385.03
2007-02-18,2007.1329,384.93
2007-02-25,2007.1521,384.22
2007-03-04,2007.1712,383.62
2007-03-11,2007.1904,384.55
2007-03-18,2007.2096,385.29
2007-03-25,2007.2288,386.08
2007-04-01,2007.2479,386.07
2007-04-08,2007.2671,385.93
2007-04-15,2007.2863,387.51
2007-04-22,2007.3055,387.18
2007-04-29,2007.3247,386.82
2007-05-06,2007.3438,386.46
2007-05-13,2007.3630,386.88
2007-05-20,2007.3822,386.74
2007-05-27,2007.4014,387.14
2007-06-03,2007.4205,387.13
2007-06-10,2007.4397,386.65
2007-06-17,2007.4589,385.93
2007-06-24,2007.4781,385.27
2007-07-01,2007.4973,385.61
2007-07-08,2007.5164,385.35
2007-07-15,2007.5356,384.32
2007-07-22,2007.5548,384.03
2007-07-29,2007.5740,383.11
2007-08-05,2007.5932,382.70
2007-08-12,2007.6123,382.11
2007-08-19,2007.6315,382.33
2007-08-26,2007.6507,381.86
2007-09-02,2007.6699,381.76
2007-09-09,2007.6890,380.88
2007-09-16,2007.7082,381.03
2007-09-23,2007.7274,380.91
2007-09-30,2007.7466,381.12
2007-10-07,2007.7658,381.19
2007-10-14,2007.7849,381.27
2007-10-21,2007.8041,381.59
2007-10-28,2007.8233,382.00
2007-11-04,2007.8425,382.26
2007-11-11,2007.8616,382.46
2007-11-18,2007.8808,383.29
2007-11-25,2007.9000,383.12
2007-12-02,2007.9192,383.91
2007-12-09,2007.9384,383.95
2007-12-16,2007.9575,384.63
2007-12-23,2007.9767,384.18
2007-12-30,2007.9959,385.02
2008-01-06,2008.0150,384.67
2008-01-13,2008.0342,386.05
2008-01-20,2008.0533,386.25
2008-01-27,2008.0724,387.02
2008-02-03,2008.0915,386.25
2008-02-10,2008.1107,386.20
2008-02-17,2008.1298,385.54
2008-02-24,2008.1489,385.62
2008-03-02,2008.1680,386.06
2008-03-09,2008.1872,385.95
2008-03-16,2008.2063,386.08
2008-03-23,2008.2254,386.97
2008-03-30,2008.2445,388.31
2008-04-06,2008.2637,386.98
2008-04-13,2008.2828,386.72
2008-04-20,2008.3019,387.58
2008-04-27,2008.3210,387.52
2008-05-04,2008.3402,388.77
2008-05-11,2008.3593,389.11
2008-05-18,2008.3784,389.13
2008-05-25,2008.3975,388.82
2008-06-01,2008.4167,388.76
2008-06-08,2008.4358,387.74
2008-06-15,2008.4549,388.11
2008-06-22,2008.4740,387.53
2008-06-29,2008.4932,387.21
2008-07-06,2008.5123,386.00
2008-07-13,2008.5314,387.80
2008-07-20,2008.5505,386.61
2008-07-27,2008.5697,385.14
2008-08-03,2008.5888,385.46
2008-08-10,2008.6079,384.17
2008-08-17,2008.6270,383.91
2008-08-24,2008.6462,383.52
2008-08-31,2008.6653,383.73
2008-09-07,2008.6844,383.27
2008-09-14,2008.7036,383.60
2008-09-21,2008.7227,383.28
2008-09-28,2008.7418,382.97
2008-10-05,2008.7609,383.10
2008-10-12,2008.7801,383.07
2008-10-19,2008.7992,383.29
2008-10-26,2008.8183,384.21
2008-11-02,2008.8374,384.01
2008-11-09,2008.8566,384.33
2008-11-16,2008.8757,384.57
2008-11-23,2008.8948,384.72
2008-11-30,2008.9139,385.28
2008-12-07,2008.9331,385.52
2008-12-14,2008.9522,385.77
2008-12-21,2008.9713,386.15
2008-12-28,2008.9904,386.46
2009-01-04,2009.0096,386.63
2009-01-11,2009.0288,387.24
2009-01-18,2009.0479,387.37
2009-01-25,2009.0671,387.74
2009-02-01,2009.0863,387.25
2009-02-08,2009.1055,387.16
2009-02-15,2009.1247,387.84
2009-02-22,2009.1438,388.45
2009-03-01,2009.1630,389.30
2009-03-08,2009.1822,389.03
2009-03-15,2009.2014,388.42
2009-03-22,2009.2205,389.51
2009-03-29,2009.2397,389.26
2009-04-05,2009.2589,389.65
2009-04-12,2009.2781,389.15
2009-04-19,2009.2973,389.78
2009-04-26,2009.3164,390.74
2009-05-03,2009.3356,389.98
2009-05-10,2009.3548,390.39
2009-05-17,2009.3740,390.60
2009-05-24,2009.3932,390.62
2009-05-31,2009.4123,390.07
2009-06-07,2009.4315,390.42
2009-06-14,2009.4507,389.64
2009-06-21,2009.4699,388.72
2009-06-28,2009.4890,388.90
2009-07-05,2009.5082,388.70
2009-07-12,2009.5274,388.57
2009-07-19,2009.5466,387.89
2009-07-26,2009.5658,387.58
2009-08-02,2009.5849,387.28
2009-08-09,2009.6041,386.22
2009-08-16,2009.6233,385.91
2009-08-23,2009.6425,385.83
2009-08-30,2009.6616,385.36
2009-09-06,2009.6808,384.89
2009-09-13,2009.7000,384.96
2009-09-20,2009.7192,384.84
2009-09-27,2009.7384,384.23
2009-10-04,2009.7575,384.08
2009-10-11,2009.7767,384.58
2009-10-18,2009.7959,384.92
2009-10-25,2009.8151,385.22
2009-11-01,2009.8342,385.58
2009-11-08,2009.8534,385.90
2009-11-15,2009.8726,386.55
2009-11-22,2009.8918,386.59
2009-11-29,2009.9110,387.28
2009-12-06,2009.9301,387.18
2009-12-13,2009.9493,387.07
2009-12-20,2009.9685,388.61
2009-12-27,2009.9877,388.80
2010-01-03,2010.0068,388.37
2010-01-10,2010.0260,388.54
2010-01-17,2010.0452,388.54
2010-01-24,2010.0644,389.21
2010-01-31,2010.0836,390.91
2010-02-07,2010.1027,390.55
2010-02-14,2010.1219,390.43
2010-02-21,2010.1411,389.79
2010-02-28,2010.1603,391.14
2010-03-07,2010.1795,391.59
2010-03-14,2010.1986,391.38
2010-03-21,2010.2178,390.50
2010-03-28,2010.2370,391.96
2010-04-04,2010.2562,391.39
2010-04-11,2010.2753,392.93
2010-04-18,2010.2945,393.53
2010-04-25,2010.3137,393.42
2010-05-02,2010.3329,393.20
2010-05-09,2010.3521,392.81
2010-05-16,2010.3712,393.64
2010-05-23,2010.3904,392.93
2010-05-30,2010.4096,393.51
2010-06-06,2010.4288,392.99
2010-06-13,2010.4479,392.10
2010-06-20,2010.4671,391.86
2010-06-27,2010.4863,391.36
2010-07-04,2010.5055,390.77
2010-07-11,2010.5247,390.06
2010-07-18,2010.5438,390.47
2010-07-25,2010.5630,390.04
2010-08-01,2010.5822,389.07
2010-08-08,2010.6014,389.02
2010-08-15,2010.6205,388.67
2010-08-22,2010.6397,387.80
2010-08-29,2010.6589,387.72
2010-09-05,2010.6781,386.32
2010-09-12,2010.6973,387.24
2010-09-19,2010.7164,386.96
2010-09-26,2010.7356,386.97
2010-10-03,2010.7548,387.14
2010-10-10,2010.7740,387.02
2010-10-17,2010.7932,387.62
2010-10-24,2010.8123,388.02
2010-10-31,2010.8315,388.24
2010-11-07,2010.8507,388.25
2010-11-14,2010.8699,388.82
2010-11-21,2010.8890,389.69
2010-11-28,2010.9082,389.86
2010-12-05,2010.9274,389.97
2010-12-12,2010.9466,389.64
2010-12-19,2010.9658,390.34
2010-12-26,2010.9849,390.13
2011-01-02,2011.0041,391.74
2011-01-09,2011.0233,390.96
2011-01-16,2011.0425,391.70
2011-01-23,2011.0616,391.56
2011-01-30,2011.0808,392.26
2011-02-06,2011.1000,391.63
2011-02-13,2011.1192,391.84
2011-02-20,2011.1384,392.24
2011-02-27,2011.1575,392.26
2011-03-06,2011.1767,392.07
2011-03-13,2011.1959,392.69
2011-03-20,2011.2151,393.09
2011-03-27,2011.2342,394.21
2011-04-03,2011.2534,393.19
2011-04-10,2011.2726,393.28
2011-04-17,2011.2918,393.73
2011-04-24,2011.3110,393.50
2011-05-01,2011.3301,394.33
2011-05-08,2011.3493,393.08
2011-05-15,2011.3685,395.10
2011-05-22,2011.3877,395.29
2011-05-29,2011.4068,394.41
2011-06-05,2011.4260,393.70
2011-06-12,2011.4452,394.00
2011-06-19,2011.4644,393.75
2011-06-26,2011.4836,393.65
2011-07-03,2011.5027,393.71
2011-07-10,2011.5219,393.49
2011-07-17,2011.5411,391.52
2011-07-24,2011.5603,392.19
2011-07-31,2011.5795,391.40
2011-08-07,2011.5986,390.80
2011-08-14,2011.6178,390.34
2011-08-21,2011.6370,389.59
2011-08-28,2011.6562,389.70
2011-09-04,2011.6753,389.24
2011-09-11,2011.6945,389.35
2011-09-18,2011.7137,389.29
2011-09-25,2011.7329,388.87
2011-10-02,2011.7521,388.98
2011-10-09,2011.7712,389.01
2011-10-16,2011.7904,389.23
2011-10-23,2011.8096,389.44
2011-10-30,2011.8288,389.81
2011-11-06,2011.8479,389.97
2011-11-13,2011.8671,390.66
2011-11-20,2011.8863,390.70
2011-11-27,2011.9055,391.34
2011-12-04,2011.9247,391.56
2011-12-11,2011.9438,392.21
2011-12-18,2011.9630,392.65
2011-12-25,2011.9822,392.40
2012-01-01,2012.0014,393.15
2012-01-08,2012.0205,393.57
2012-01-15,2012.0396,393.17
2012-01-22,2012.0587,393.53
2012-01-29,2012.0779,393.43
2012-02-05,2012.0970,393.90
2012-02-12,2012.1161,393.68
2012-02-19,2012.1352,394.61
2012-02-26,2012.1544,394.45
2012-03-04,2012.1735,393.73
2012-03-11,2012.1926,394.46
2012-03-18,2012.2117,394.98
2012-03-25,2012.2309,395.32
2012-04-01,2012.2500,395.51
2012-04-08,2012.2691,396.81
2012-04-15,2012.2883,396.35
2012-04-22,2012.3074,396.80
2012-04-29,2012.3265,397.11
2012-05-06,2012.3456,397.32
2012-05-13,2012.3648,397.18
2012-05-20,2012.3839,396.31
2012-05-27,2012.4030,396.48
2012-06-03,2012.4221,395.93
2012-06-10,2012.4413,396.43
2012-06-17,2012.4604,395.77
2012-06-24,2012.4795,395.45
2012-07-01,2012.4986,395.15
2012-07-08,2012.5178,394.56
2012-07-15,2012.5369,394.66
2012-07-22,2012.5560,394.28
2012-07-29,2012.5751,393.62
2012-08-05,2012.5943,393.43
2012-08-12,2012.6134,392.71
2012-08-19,2012.6325,391.57
2012-08-26,2012.6516,391.99
2012-09-02,2012.6708,392.06
2012-09-09,2012.6899,391.10
2012-09-16,2012.7090,390.99
2012-09-23,2012.7281,391.09
2012-09-30,2012.7473,391.02
2012-10-07,2012.7664,391.18
2012-10-14,2012.7855,391.12
2012-10-21,2012.8046,391.56
2012-10-28,2012.8238,391.78
2012-11-04,2012.8429,392.52
2012-11-11,2012.8620,393.48
2012-11-18,2012.8811,393.39
2012-11-25,2012.9003,393.93
2012-12-02,2012.9194,393.88
2012-12-09,2012.9385,394.62
2012-12-16,2012.9577,394.75
2012-12-23,2012.9768,395.06
2012-12-30,2012.9959,394.72
2013-01-06,2013.0151,395.60
2013-01-13,2013.0342,396.21
2013-01-20,2013.0534,396.01
2013-01-27,2013.0726,395.99
2013-02-03,2013.0918,396.86
2013-02-10,2013.1110,397.20
2013-02-17,2013.1301,397.37
2013-02-24,2013.1493,396.96
2013-03-03,2013.1685,397.88
2013-03-10,2013.1877,397.17
2013-03-17,2013.2068,397.58
2013-03-24,2013.2260,398.19
2013-03-31,2013.2452,398.30
2013-04-07,2013.2644,398.00
2013-04-14,2013.2836,398.19
2013-04-21,2013.3027,399.44
2013-04-28,2013.3219,399.76
2013-05-05,2013.3411,399.75
2013-05-12,2013.3603,399.98
2013-05-19,2013.3795,400.17
2013-05-26,2013.3986,400.12
2013-06-02,2013.4178,399.40
2013-06-09,2013.4370,398.80
2013-06-16,2013.4562,398.33
2013-06-23,2013.4753,398.84
2013-06-30,2013.4945,398.43
2013-07-07,2013.5137,397.93
2013-07-14,2013.5329,397.27
2013-07-21,2013.5521,397.01
2013-07-28,2013.5712,396.87
2013-08-04,2013.5904,395.86
2013-08-11,2013.6096,395.32
2013-08-18,2013.6288,395.34
2013-08-25,2013.6479,394.42
2013-09-01,2013.6671,394.05
2013-09-08,2013.6863,393.59
2013-09-15,2013.7055,393.73
2013-09-22,2013.7247,393.58
2013-09-29,2013.7438,393.52
2013-10-06,2013.7630,393.55
2013-10-13,2013.7822,393.88
2013-10-20,2013.8014,394.19
2013-10-27,2013.8205,394.44
2013-11-03,2013.8397,394.67
2013-11-10,2013.8589,395.73
2013-11-17,2013.8781,395.07
2013-11-24,2013.8973,396.20
2013-12-01,2013.9164,396.46
2013-12-08,2013.9356,396.33
2013-12-15,2013.9548,397.61
2013-12-22,2013.9740,397.46
2013-12-29,2013.9932,397.60
2014-01-05,2014.0123,398.41
2014-01-12,2014.0315,397.93
2014-01-19,2014.0507,398.15
2014-01-26,2014.0699,398.02
2014-02-02,2014.0890,398.16
2014-02-09,2014.1082,398.06
2014-02-16,2014.1274,398.27
2014-02-23,2014.1466,398.47
2014-03-02,2014.1658,398.64
2014-03-09,2014.1849,400.07
2014-03-16,2014.2041,401.36
2014-03-23,2014.2233,400.30
2014-03-30,2014.2425,400.80
2014-04-06,2014.2616,401.29
2014-04-13,2014.2808,401.72
2014-04-20,2014.3000,401.77
2014-04-27,2014.3192,401.92
2014-05-04,2014.3384,401.90
2014-05-11,2014.3575,401.91
2014-05-18,2014.3767,401.93
2014-05-25,2014.3959,402.00
2014-06-01,2014.4151,401.99
2014-06-08,2014.4342,401.68
2014-06-15,2014.4534,401.21
2014-06-22,2014.4726,401.12
2014-06-29,2014.4918,400.40
2014-07-06,2014.5110,400.00
2014-07-13,2014.5301,398.98
2014-07-20,2014.5493,398.97
2014-07-27,2014.5685,397.58
2014-08-03,2014.5877,397.94
2014-08-10,2014.6068,397.38
2014-08-17,2014.6260,397.03
2014-08-24,2014.6452,396.38
2014-08-31,2014.6644,396.50
2014-09-07,2014.6836,395.19
2014-09-14,2014.7027,395.26
2014-09-21,2014.7219,395.60
2014-09-28,2014.7411,395.47
2014-10-05,2014.7603,395.72
2014-10-12,2014.7795,395.79
2014-10-19,2014.7986,396.00
2014-10-26,2014.8178,397.60
2014-11-02,2014.8370,396.90
2014-11-09,2014.8562,397.33
2014-11-16,2014.8753,397.43
2014-11-23,2014.8945,398.02
2014-11-30,2014.9137,398.34
2014-12-07,2014.9329,399.28
2014-12-14,2014.9521,399.28
2014-12-21,2014.9712,399.11
2014-12-28,2014.9904,400.03
2015-01-04,2015.0096,400.05
2015-01-11,2015.0288,400.36
2015-01-18,2015.0479,399.70
2015-01-25,2015.0671,400.39
2015-02-01,2015.0863,400.44
2015-02-08,2015.1055,400.14
2015-02-15,2015.1247,400.11
2015-02-22,2015.1438,401.53
2015-03-01,2015.1630,401.48
2015-03-08,2015.1822,402.23
2015-03-15,2015.2014,400.97
2015-03-22,2015.2205,401.97
2015-03-29,2015.2397,402.00
2015-04-05,2015.2589,403.39
2015-04-12,2015.2781,404.23
2015-04-19,2015.2973,403.27
2015-04-26,2015.3164,403.99
2015-05-03,2015.3356,404.33
2015-05-10,2015.3548,404.16
2015-05-17,2015.3740,404.16
2015-05-24,2015.3932,403.99
2015-05-31,2015.4123,403.37
2015-06-07,2015.4315,403.41
2015-06-14,2015.4507,402.56
2015-06-21,2015.4699,402.88
2015-06-28,2015.4890,402.33
2015-07-05,2015.5082,401.90
2015-07-12,2015.5274,401.57
2015-07-19,2015.5466,401.43
2015-07-26,2015.5658,400.38
2015-08-02,2015.5849,398.54
2015-08-09,2015.6041,399.37
2015-08-16,2015.6233,399.32
2015-08-23,2015.6425,399.04
2015-08-30,2015.6616,398.68
2015-09-06,2015.6808,397.96
2015-09-13,2015.7000,397.43
2015-09-20,2015.7192,397.52
2015-09-27,2015.7384,397.41
2015-10-04,2015.7575,398.56
2015-10-11,2015.7767,398.37
2015-10-18,2015.7959,398.71
2015-10-25,2015.8151,398.68
2015-11-01,2015.8342,399.26
2015-11-08,2015.8534,400.22
2015-11-15,2015.8726,400.55
2015-11-22,2015.8918,400.58
2015-11-29,2015.9110,401.00
2015-12-06,2015.9301,401.52
2015-12-13,2015.9493,402.55
2015-12-20,2015.9685,402.81
2015-12-27,2015.9877,402.28
2016-01-03,2016.0068,402.32
2016-01-10,2016.0260,402.65
2016-01-17,2016.0451,402.78
2016-01-24,2016.0642,403.33
2016-01-31,2016.0833,404.75
2016-02-07,2016.1025,403.98
2016-02-14,2016.1216,403.85
2016-02-21,2016.1407,404.59
2016-02-28,2016.1598,404.24
2016-03-06,2016.1790,404.18
2016-03-13,2016.1981,404.97
2016-03-20,2016.2172,405.85
2016-03-27,2016.2363,405.64
2016-04-03,2016.2555,406.78
2016-04-10,2016.2746,408.91
2016-04-17,2016.2937,407.64
2016-04-24,2016.3128,407.90
2016-05-01,2016.3320,407.73
2016-05-08,2016.3511,408.05
2016-05-15,2016.3702,407.49
2016-05-22,2016.3893,408.51
2016-05-29,2016.4085,407.64
2016-06-05,2016.4276,407.04
2016-06-12,2016.4467,407.39
2016-06-19,2016.4658,406.85
2016-06-26,2016.4850,406.17
2016-07-03,2016.5041,405.75
2016-07-10,2016.5232,404.68
2016-07-17,2016.5423,403.59
2016-07-24,2016.5615,404.04
2016-07-31,2016.5806,403.68
2016-08-07,2016.5997,403.08
2016-08-14,2016.6189,402.05
2016-08-21,2016.6380,402.11
2016-08-28,2016.6571,401.16
2016-09-04,2016.6762,401.18
2016-09-11,2016.6954,401.47
2016-09-18,2016.7145,401.08
2016-09-25,2016.7336,400.94
2016-10-02,2016.7527,401.13
2016-10-09,2016.7719,401.78
2016-10-16,2016.7910,401.86
2016-10-23,2016.8101,402.35
2016-10-30,2016.8292,403.00
2016-11-06,2016.8484,403.00
2016-11-13,2016.8675,403.79
2016-11-20,2016.8866,404.19
2016-11-27,2016.9057,404.75
2016-12-04,2016.9249,404.09
2016-12-11,2016.9440,405.03
2016-12-18,2016.9631,404.62
2016-12-25,2016.9822,404.96
2017-01-01,2017.0014,406.14
2017-01-08,2017.0205,406.20
2017-01-15,2017.0397,406.41
2017-01-22,2017.0589,406.71
2017-01-29,2017.0781,406.43
2017-02-05,2017.0973,406.26
2017-02-12,2017.1164,406.14
2017-02-19,2017.1356,407.17
2017-02-26,2017.1548,407.60
2017-03-05,2017.1740,406.34
2017-03-12,2017.1932,407.77
2017-03-19,2017.2123,407.02
2017-03-26,2017.2315,408.60
2017-04-02,2017.2507,407.84
2017-04-09,2017.2699,409.03
2017-04-16,2017.2890,409.84
2017-04-23,2017.3082,410.16
2017-04-30,2017.3274,409.39
2017-05-07,2017.3466,409.52
2017-05-14,2017.3658,410.60
2017-05-21,2017.3849,410.20
2017-05-28,2017.4041,409.77
2017-06-04,2017.4233,409.89
2017-06-11,2017.4425,409.63
2017-06-18,2017.4616,408.51
2017-06-25,2017.4808,407.95
2017-07-02,2017.5000,408.28
2017-07-09,2017.5192,407.26
2017-07-16,2017.5384,407.01
2017-07-23,2017.5575,406.93
2017-07-30,2017.5767,406.66
2017-08-06,2017.5959,405.73
2017-08-13,2017.6151,405.39
2017-08-20,2017.6342,404.74
2017-08-27,2017.6534,404.39
2017-09-03,2017.6726,403.89
2017-09-10,2017.6918,403.87
2017-09-17,2017.7110,403.25
2017-09-24,2017.7301,402.95
2017-10-01,2017.7493,403.14
2017-10-08,2017.7685,403.61
2017-10-15,2017.7877,404.14
2017-10-22,2017.8068,404.19
2017-10-29,2017.8260,404.34
2017-11-05,2017.8452,404.44
2017-11-12,2017.8644,405.26
2017-11-19,2017.8836,406.31
2017-11-26,2017.9027,406.52
2017-12-03,2017.9219,406.94
2017-12-10,2017.9411,406.74
2017-12-17,2017.9603,406.99
2017-12-24,2017.9795,407.41
2017-12-31,2017.9986,407.57
2018-01-07,2018.0178,408.33
2018-01-14,2018.0370,408.08
2018-01-21,2018.0562,408.47
2018-01-28,2018.0753,408.07
2018-02-04,2018.0945,408.40
2018-02-11,2018.1137,408.56
2018-02-18,2018.1329,408.65
2018-02-25,2018.1521,409.09
2018-03-04,2018.1712,410.03
2018-03-11,2018.1904,408.91
2018-03-18,2018.2096,409.32
2018-03-25,2018.2288,410.22
2018-04-01,2018.2479,409.39
2018-04-08,2018.2671,409.65
2018-04-15,2018.2863,411.25
2018-04-22,2018.3055,411.88
2018-04-29,2018.3247,409.86
2018-05-06,2018.3438,411.25
2018-05-13,2018.3630,412.07
2018-05-20,2018.3822,411.65
2018-05-27,2018.4014,411.61
2018-06-03,2018.4205,411.14
2018-06-10,2018.4397,411.36
2018-06-17,2018.4589,410.56
2018-06-24,2018.4781,410.76
2018-07-01,2018.4973,409.60
2018-07-08,2018.5164,409.35
2018-07-15,2018.5356,408.74
2018-07-22,2018.5548,408.48
2018-07-29,2018.5740,407.65
2018-08-05,2018.5932,407.42
2018-08-12,2018.6123,407.26
2018-08-19,2018.6315,407.03
2018-08-26,2018.6507,406.30
2018-09-02,2018.6699,405.68
2018-09-09,2018.6890,405.58
2018-09-16,2018.7082,405.88
2018-09-23,2018.7274,405.73
2018-09-30,2018.7466,405.69
2018-10-07,2018.7658,405.77
2018-10-14,2018.7849,406.20
2018-10-21,2018.8041,406.81
2018-10-28,2018.8233,406.67
2018-11-04,2018.8425,407.18
2018-11-11,2018.8616,408.94
2018-11-18,2018.8808,408.78
2018-11-25,2018.9000,408.58
2018-12-02,2018.9192,408.69
2018-12-09,2018.9384,409.60
2018-12-16,2018.9575,409.51
2018-12-23,2018.9767,409.33
2018-12-30,2018.9959,409.80
2019-01-06,2019.0151,410.86
2019-01-13,2019.0342,410.55
2019-01-20,2019.0534,412.19
2019-01-27,2019.0726,411.23
2019-02-03,2019.0918,411.83
2019-02-10,2019.1110,412.63
2019-02-17,2019.1301,411.19
2019-02-24,2019.1493,412.62
2019-03-03,2019.1685,412.37
2019-03-10,2019.1877,412.37
2019-03-17,2019.2068,412.02
2019-03-24,2019.2260,411.53
2019-03-31,2019.2452,412.40
2019-04-07,2019.2644,413.35
2019-04-14,2019.2836,413.82
2019-04-21,2019.3027,413.99
2019-04-28,2019.3219,414.52
2019-05-05,2019.3411,414.54
2019-05-12,2019.3603,415.62
2019-05-19,2019.3795,414.97
2019-05-26,2019.3986,414.52
2019-06-02,2019.4178,414.60
2019-06-09,2019.4370,414.30
2019-06-16,2019.4562,414.08
2019-06-23,2019.4753,413.63
2019-06-30,2019.4945,413.64
2019-07-07,2019.5137,412.30
2019-07-14,2019.5329,412.37
2019-07-21,2019.5521,411.07
2019-07-28,2019.5712,410.28
2019-08-04,2019.5904,410.56
2019-08-11,2019.6096,410.48
2019-08-18,2019.6288,409.79
2019-08-25,2019.6479,409.66
2019-09-01,2019.6671,409.03
2019-09-08,2019.6863,408.81
2019-09-15,2019.7055,408.72
2019-09-22,2019.7247,408.54
2019-09-29,2019.7438,408.18
2019-10-06,2019.7630,408.60
2019-10-13,2019.7822,408.84
2019-10-20,2019.8014,408.94
2019-10-27,2019.8205,409.51
2019-11-03,2019.8397,410.12
2019-11-10,2019.8589,410.41
2019-11-17,2019.8781,410.40
2019-11-24,2019.8973,410.93
2019-12-01,2019.9164,411.28
2019-12-08,2019.9356,411.53
2019-12-15,2019.9548,412.10
2019-12-22,2019.9740,412.42
2019-12-29,2019.9932,413.19
2020-01-05,2020.0123,413.58
2020-01-12,2020.0314,413.00
2020-01-19,2020.0505,413.85
2020-01-26,2020.0697,414.24
2020-02-02,2020.0888,414.51
2020-02-09,2020.1079,414.62
2020-02-16,2020.1270,414.27
2020-02-23,2020.1462,413.92
2020-03-01,2020.1653,414.07
2020-03-08,2020.1844,414.32
2020-03-15,2020.2036,414.50
2020-03-22,2020.2227,415.75
2020-03-29,2020.2418,415.95
2020-04-05,2020.2609,416.65
2020-04-12,2020.2801,416.48
2020-04-19,2020.2992,416.09
2020-04-26,2020.3183,417.02
2020-05-03,2020.3374,417.04
2020-05-10,2020.3566,417.00
2020-05-17,2020.3757,417.18
2020-05-24,2020.3948,417.64
2020-05-31,2020.4139,417.41
2020-06-07,2020.4331,416.55
2020-06-14,2020.4522,416.42
2020-06-21,2020.4713,416.27
2020-06-28,2020.4904,415.64
2020-07-05,2020.5096,415.45
2020-07-12,2020.5287,414.73
2020-07-19,2020.5478,414.08
2020-07-26,2020.5669,413.42
2020-08-02,2020.5861,413.37
2020-08-09,2020.6052,412.95
2020-08-16,2020.6243,412.59
2020-08-23,2020.6434,412.17
2020-08-30,2020.6626,411.79
2020-09-06,2020.6817,411.58
2020-09-13,2020.7008,411.67
2020-09-20,2020.7199,411.20
2020-09-27,2020.7391,411.27
2020-10-04,2020.7582,411.26
2020-10-11,2020.7773,411.32
2020-10-18,2020.7964,411.72
2020-10-25,2020.8156,411.69
2020-11-01,2020.8347,411.96
2020-11-08,2020.8538,412.98
2020-11-15,2020.8730,412.74
2020-11-22,2020.8921,414.04
2020-11-29,2020.9112,413.97
2020-12-06,2020.9303,413.60
2020-12-13,2020.9495,414.13
2020-12-20,2020.9686,414.82
2020-12-27,2020.9877,415.30
2021-01-03,2021.0068,415.36
2021-01-10,2021.0260,415.04
2021-01-17,2021.0452,415.39
2021-01-24,2021.0644,415.98
2021-01-31,2021.0836,417.09
2021-02-07,2021.1027,416.89
2021-02-14,2021.1219,416.48
2021-02-21,2021.1411,416.28
2021-02-28,2021.1603,417.93
2021-03-07,2021.1795,416.91
2021-03-14,2021.1986,417.76
2021-03-21,2021.2178,417.68
2021-03-28,2021.2370,417.98
2021-04-04,2021.2562,419.24
2021-04-11,2021.2753,418.95
2021-04-18,2021.2945,418.16
2021-04-25,2021.3137,419.97
2021-05-02,2021.3329,419.49
2021-05-09,2021.3521,418.45
2021-05-16,2021.3712,419.05
2021-05-23,2021.3904,418.89
2021-05-30,2021.4096,419.51
2021-06-06,2021.4288,419.47
2021-06-13,2021.4479,419.03
2021-06-20,2021.4671,418.44
2021-06-27,2021.4863,418.04
2021-07-04,2021.5055,417.43
2021-07-11,2021.5247,417.48
2021-07-18,2021.5438,416.71
2021-07-25,2021.5630,415.55
2021-08-01,2021.5822,414.96
2021-08-08,2021.6014,414.52
2021-08-15,2021.6205,414.88
2021-08-22,2021.6397,413.79
2021-08-29,2021.6589,413.19
2021-09-05,2021.6781,413.33
2021-09-12,2021.6973,413.06
2021-09-19,2021.7164,413.27
2021-09-26,2021.7356,413.33
2021-10-03,2021.7548,413.61
2021-10-10,2021.7740,413.86
2021-10-17,2021.7932,414.32
2021-10-24,2021.8123,413.87
2021-10-31,2021.8315,414.14
2021-11-07,2021.8507,414.93
2021-11-14,2021.8699,414.84
2021-11-21,2021.8890,415.33
2021-11-28,2021.9082,416.12
2021-12-05,2021.9274,415.83
2021-12-12,2021.9466,416.41
2021-12-19,2021.9658,417.45
2021-12-26,2021.9849,417.42
2022-01-02,2022.0041,417.37
2022-01-09,2022.0233,418.28
2022-01-16,2022.0425,417.58
2022-01-23,2022.0616,419.09
2022-01-30,2022.0808,419.15
2022-02-06,2022.1000,418.34
2022-02-13,2022.1192,419.74
2022-02-20,2022.1384,419.57
2022-02-27,2022.1575,419.16
2022-03-06,2022.1767,418.47
2022-03-13,2022.1959,418.30
2022-03-20,2022.2151,418.13
2022-03-27,2022.2342,420.32
2022-04-03,2022.2534,420.15
2022-04-10,2022.2726,420.11
2022-04-17,2022.2918,420.33
2022-04-24,2022.3110,420.14
2022-05-01,2022.3301,420.13
2022-05-08,2022.3493,421.07
2022-05-15,2022.3685,420.92
2022-05-22,2022.3877,421.44
2022-05-29,2022.4068,421.58
2022-06-05,2022.4260,421.26
2022-06-12,2022.4452,420.98
2022-06-19,2022.4644,420.82
2022-06-26,2022.4836,420.26
2022-07-03,2022.5027,419.69
2022-07-10,2022.5219,419.03
2022-07-17,2022.5411,418.38
2022-07-24,2022.5603,417.80
2022-07-31,2022.5795,418.15
2022-08-07,2022.5986,417.29
2022-08-14,2022.6178,417.22
2022-08-21,2022.6370,416.52
2022-08-28,2022.6562,416.50
2022-09-04,2022.6753,416.29
2022-09-11,2022.6945,416.00
2022-09-18,2022.7137,415.52
2022-09-25,2022.7329,415.53
2022-10-02,2022.7521,415.22
2022-10-09,2022.7712,415.46
2022-10-16,2022.7904,415.84
2022-10-23,2022.8096,416.26
2022-10-30,2022.8288,416.39
2022-11-06,2022.8479,417.14
2022-11-13,2022.8671,417.25
2022-11-20,2022.8863,418.48
2022-11-27,2022.9055,417.69
2022-12-04,2022.9247,419.01
2022-12-11,2022.9438,418.80
2022-12-18,2022.9630,419.19
2022-12-25,2022.9822,419.43
2023-01-01,2023.0014,419.29
2023-01-08,2023.0205,419.57
2023-01-15,2023.0397,419.17
2023-01-22,2023.0589,419.74
2023-01-29,2023.0781,419.82
2023-02-05,2023.0973,420.20
2023-02-12,2023.1164,420.81
2023-02-19,2023.1356,419.58
2023-02-26,2023.1548,421.55
2023-03-05,2023.1740,421.21
2023-03-12,2023.1932,420.21
2023-03-19,2023.2123,420.78
2023-03-26,2023.2315,421.68
2023-04-02,2023.2507,422.75
2023-04-09,2023.2699,422.96
2023-04-16,2023.2890,423.50
2023-04-23,2023.3082,424.08
2023-04-30,2023.3274,423.98
2023-05-07,2023.3466,424.29
2023-05-14,2023.3658,423.39
2023-05-21,2023.3849,423.94
2023-05-28,2023.4041,424.65
2023-06-04,2023.4233,424.38
2023-06-11,2023.4425,424.14
2023-06-18,2023.4616,423.49
2023-06-25,2023.4808,422.18
2023-07-02,2023.5000,422.62
2023-07-09,2023.5192,422.35
2023-07-16,2023.5384,421.34
2023-07-23,2023.5575,421.28
2023-07-30,2023.5767,420.83
2023-08-06,2023.5959,420.02
2023-08-13,2023.6151,418.98
2023-08-20,2023.6342,419.31
2023-08-27,2023.6534,419.27
2023-09-03,2023.6726,418.64
2023-09-10,2023.6918,418.52
2023-09-17,2023.7110,418.33
2023-09-24,2023.7301,418.29
2023-10-01,2023.7493,418.31
2023-10-08,2023.7685,418.53
2023-10-15,2023.7877,419.46
2023-10-22,2023.8068,418.91
2023-10-29,2023.8260,419.05
2023-11-05,2023.8452,419.28
2023-11-12,2023.8644,421.22
2023-11-19,2023.8836,421.21
2023-11-26,2023.9027,420.31
2023-12-03,2023.9219,421.02
2023-12-10,2023.9411,422.20
2023-12-17,2023.9603,422.24
2023-12-24,2023.9795,421.86
2023-12-31,2023.9986,422.52
2024-01-07,2024.0178,423.49
2024-01-14,2024.0369,422.84
2024-01-21,2024.0560,422.86
2024-01-28,2024.0751,422.28
2024-02-04,2024.0943,425.83
2024-02-11,2024.1134,423.54
2024-02-18,2024.1325,425.21
2024-02-25,2024.1516,425.13
2024-03-03,2024.1708,425.45
2024-03-10,2024.1899,425.74
2024-03-17,2024.2090,425.37
2024-03-24,2024.2281,425.04
2024-03-31,2024.2473,426.35
2024-04-07,2024.2664,425.86
2024-04-14,2024.2855,426.34
2024-04-21,2024.3046,427.94
2024-04-28,2024.3238,426.80
2024-05-05,2024.3429,426.92
2024-05-12,2024.3620,427.03
2024-05-19,2024.3811,426.64
2024-05-26,2024.4003,426.88
2024-06-02,2024.4194,427.06
2024-06-09,2024.4385,427.33
2024-06-16,2024.4577,426.73
2024-06-23,2024.4768,426.47
2024-06-30,2024.4959,425.61
2024-07-07,2024.5150,426.25
2024-07-14,2024.5342,425.95
2024-07-21,2024.5533,424.80
2024-07-28,2024.5724,424.88
2024-08-04,2024.5915,424.18
2024-08-11,2024.6107,422.42
2024-08-18,2024.6298,422.83
2024-08-25,2024.6489,421.36
2024-09-01,2024.6680,422.33
2024-09-08,2024.6872,422.06
2024-09-15,2024.7063,421.98
2024-09-22,2024.7254,421.71
2024-09-29,2024.7445,421.95
2024-10-06,2024.7637,422.16
2024-10-13,2024.7828,422.62
2024-10-20,2024.8019,422.17
