Week_Num,Date_Time,Article_Num,Polution,Enviroment_Polution,Biodiversity_Loss,Acid_Rain,Water_Pollution,Climate_Crisis,Accelerated_Global_Warming,Ozone_Layer_Depletion,Hazardous_Substance_Leakage,Carbon_Dioxide,Weekly_News_Count,News_Ratio
1,2000-01-02,10,12,0,0,5,0,0,0,0,0,2,29724,0.0003364284753061
2,2000-01-09,28,33,0,0,4,0,0,0,1,0,2,29724,0.0009419997308572
3,2000-01-16,16,14,0,0,1,0,0,0,1,0,5,29724,0.0005382855604898
4,2000-01-23,19,24,0,0,2,0,0,0,0,0,6,29724,0.0006392141030816
5,2000-01-30,10,16,1,0,3,0,0,0,0,0,1,29724,0.0003364284753061
6,2000-02-06,13,14,0,0,1,0,0,0,0,0,2,29724,0.0004373570178979
7,2000-02-13,20,29,0,0,13,0,0,0,0,0,3,29724,0.0006728569506122
8,2000-02-20,21,26,0,0,3,0,0,0,0,0,5,29724,0.0007064997981429
9,2000-02-27,47,65,0,0,25,1,0,0,0,0,1,29724,0.0015812138339389
10,2000-03-05,17,13,0,0,0,0,0,0,0,0,5,29724,0.0005719284080204
11,2000-03-12,24,28,0,1,3,0,0,0,0,0,6,29724,0.0008074283407347
12,2000-03-19,15,16,0,0,4,0,0,0,0,0,0,29724,0.0005046427129592
13,2000-03-26,12,15,0,0,1,0,0,0,0,0,2,30657,0.0003914277326548
14,2000-04-02,12,15,0,0,1,0,0,0,1,0,0,32991,0.0003637355642447
15,2000-04-09,13,13,0,0,1,0,0,0,0,0,6,32991,0.0003940468612651
16,2000-04-16,34,30,0,0,5,1,0,0,0,0,10,32991,0.0010305840986935
17,2000-04-23,25,33,0,0,3,0,0,0,0,0,2,32991,0.0007577824255099
18,2000-04-30,17,19,0,0,2,0,0,0,0,0,4,32991,0.0005152920493467
19,2000-05-07,19,23,0,0,3,0,0,0,0,0,3,32991,0.0005759146433875
20,2000-05-14,24,21,1,0,7,0,0,0,0,0,2,32991,0.0007274711284895
21,2000-05-21,31,37,0,0,3,0,0,0,0,0,2,32991,0.0009396502076323
22,2000-05-28,29,40,0,0,5,0,0,0,2,0,4,32991,0.0008790276135915
23,2000-06-04,24,33,0,0,4,0,0,0,0,0,3,32991,0.0007274711284895
24,2000-06-11,21,22,0,0,2,0,0,0,0,0,5,32991,0.0006365372374283
25,2000-06-18,23,21,0,0,8,0,0,0,0,0,3,32991,0.0006971598314691
26,2000-06-25,17,20,0,0,4,0,0,0,0,0,1,33064,0.0005141543672876
27,2000-07-02,20,26,0,0,2,0,0,0,1,0,1,33247,0.0006015580353114
28,2000-07-09,15,16,0,0,1,0,0,0,0,0,1,33247,0.0004511685264835
29,2000-07-16,20,26,0,0,1,0,0,0,0,0,4,33247,0.0006015580353114
30,2000-07-23,18,22,0,0,0,1,0,0,0,0,5,33247,0.0005414022317803
31,2000-07-30,26,26,0,0,1,0,0,0,0,0,2,33247,0.0007820254459048
32,2000-08-06,13,14,0,0,3,0,0,0,0,0,0,33247,0.0003910127229524
33,2000-08-13,14,14,0,0,4,0,0,0,0,0,1,33247,0.000421090624718
34,2000-08-20,16,19,0,0,3,0,0,0,0,0,3,33247,0.0004812464282491
35,2000-08-27,13,12,0,0,2,0,0,0,0,0,4,33247,0.0003910127229524
36,2000-09-03,17,14,0,0,1,1,0,0,1,0,3,33247,0.0005113243300147
37,2000-09-10,8,7,0,0,4,0,0,0,0,0,2,33247,0.0002406232141245
38,2000-09-17,11,12,0,0,6,1,0,0,0,0,1,33247,0.0003308569194213
39,2000-09-24,10,13,0,0,1,1,0,0,1,0,2,33588,0.0002977253781112
40,2000-10-01,22,22,0,0,1,0,0,0,1,0,3,35643,0.0006172319950621
41,2000-10-08,15,16,0,0,1,0,0,0,0,0,2,35643,0.0004208399966332
42,2000-10-15,15,13,0,0,3,0,0,0,0,0,4,35643,0.0004208399966332
43,2000-10-22,15,17,0,0,3,0,0,0,0,0,3,35643,0.0004208399966332
44,2000-10-29,36,43,0,0,4,2,0,0,0,0,14,35643,0.0010100159919198
45,2000-11-05,18,20,0,0,3,0,0,0,0,0,3,35643,0.0005050079959599
46,2000-11-12,16,18,0,0,2,0,0,0,0,0,3,35643,0.0004488959964088
47,2000-11-19,26,23,0,0,7,0,0,0,0,0,7,35643,0.0007294559941643
48,2000-11-26,13,14,0,0,1,0,0,0,0,0,3,35643,0.0003647279970821
49,2000-12-03,26,30,0,0,0,1,0,0,0,0,6,35643,0.0007294559941643
50,2000-12-10,15,19,0,0,0,0,0,0,0,0,2,35643,0.0004208399966332
51,2000-12-17,18,23,0,0,0,0,0,0,0,0,2,35643,0.0005050079959599
52,2000-12-24,14,13,0,0,0,0,0,0,0,0,2,35643,0.0003927839968577
53,2000-12-31,14,18,0,0,2,0,0,0,0,0,0,36968,0.0003787059078121
54,2001-01-07,5,5,0,0,1,0,0,0,0,0,0,36968,0.0001352521099329
55,2001-01-14,13,13,0,0,0,0,0,0,0,0,0,36968,0.0003516554858255
56,2001-01-21,10,12,0,0,0,0,0,0,0,0,1,36968,0.0002705042198658
57,2001-01-28,11,12,0,0,3,1,0,0,0,0,0,36968,0.0002975546418524
58,2001-02-04,13,12,0,0,0,0,0,1,1,0,0,36968,0.0003516554858255
59,2001-02-11,15,17,0,0,0,1,0,0,0,0,1,36968,0.0004057563297987
60,2001-02-18,9,7,0,0,1,0,0,0,0,0,3,36968,0.0002434537978792
61,2001-02-25,13,11,0,0,5,0,0,0,0,0,2,36968,0.0003516554858255
62,2001-03-04,16,18,0,0,0,1,0,0,0,0,3,36968,0.0004328067517853
63,2001-03-11,17,15,0,0,1,0,0,0,0,0,6,36968,0.0004598571737719
64,2001-03-18,25,25,0,0,5,0,0,0,0,0,5,36968,0.0006762605496645
65,2001-03-25,40,34,0,0,4,1,0,0,0,0,18,36822,0.0010863070990168
66,2001-04-01,31,35,0,0,0,1,0,0,0,0,15,35945,0.0008624287105299
67,2001-04-08,21,23,0,0,2,1,0,0,1,0,4,35945,0.0005842259006815
68,2001-04-15,23,17,0,0,0,0,0,0,0,0,13,35945,0.0006398664626512
69,2001-04-22,21,29,0,0,2,0,0,0,0,0,2,35945,0.0005842259006815
70,2001-04-29,22,30,0,0,2,0,0,0,0,0,2,35945,0.0006120461816664
71,2001-05-06,9,12,0,0,1,0,0,0,0,0,0,35945,0.0002503825288635
72,2001-05-13,30,25,0,0,1,0,0,0,0,0,20,35945,0.0008346084295451
73,2001-05-20,32,37,0,0,1,0,0,0,0,0,4,35945,0.0008902489915148
74,2001-05-27,17,20,0,0,3,0,0,0,0,0,2,35945,0.0004729447767422
75,2001-06-03,27,31,0,0,2,0,0,0,0,0,7,35945,0.0007511475865906
76,2001-06-10,13,7,0,0,2,0,0,0,0,0,6,35945,0.0003616636528028
77,2001-06-17,13,14,0,0,0,0,0,0,0,0,3,35945,0.0003616636528028
78,2001-06-24,19,23,0,0,2,0,0,0,0,0,8,35819,0.0005304447360339
79,2001-07-01,28,24,1,0,2,0,0,0,0,0,10,35063,0.0007985625873427
80,2001-07-08,14,17,0,0,1,0,0,0,0,0,1,35063,0.0003992812936713
81,2001-07-15,19,20,0,0,3,0,0,0,1,0,5,35063,0.0005418817556968
82,2001-07-22,24,11,0,0,1,0,0,0,0,0,14,35063,0.0006844822177223
83,2001-07-29,15,20,0,0,3,0,0,0,0,0,3,35063,0.0004278013860764
84,2001-08-05,23,21,0,0,3,0,0,0,0,0,5,35063,0.0006559621253172
85,2001-08-12,18,24,0,0,0,0,0,0,0,0,4,35063,0.0005133616632917
86,2001-08-19,17,19,0,0,2,0,0,0,0,0,6,35063,0.0004848415708866
87,2001-08-26,16,17,0,0,0,0,0,0,0,0,1,35063,0.0004563214784815
88,2001-09-02,31,39,0,0,2,1,0,0,0,0,5,35063,0.000884122864558
89,2001-09-09,9,10,0,0,3,0,0,0,0,0,0,35063,0.0002566808316458
90,2001-09-16,11,10,0,0,0,1,0,0,0,0,3,35063,0.000313721016456
91,2001-09-23,11,13,0,0,3,0,0,0,0,0,1,35063,0.000313721016456
92,2001-09-30,5,5,0,0,0,0,0,0,0,0,2,35036,0.0001427103550633
93,2001-10-07,8,9,0,0,0,0,0,0,0,0,1,35036,0.0002283365681013
94,2001-10-14,12,11,0,0,2,0,0,0,0,0,3,35036,0.000342504852152
95,2001-10-21,23,23,0,0,17,0,0,0,0,0,3,35036,0.0006564676332914
96,2001-10-28,14,18,0,0,3,1,0,0,0,0,3,35036,0.0003995889941774
97,2001-11-04,21,14,0,0,5,0,0,0,0,0,14,35036,0.0005993834912661
98,2001-11-11,14,11,0,0,1,0,0,0,0,0,7,35036,0.0003995889941774
99,2001-11-18,15,21,0,0,1,1,0,0,1,0,1,35036,0.00042813106519
100,2001-11-25,16,21,0,0,3,0,0,0,0,0,2,35036,0.0004566731362027
101,2001-12-02,11,16,0,0,0,0,0,0,0,0,1,35036,0.0003139627811393
102,2001-12-09,14,15,0,0,0,1,0,0,0,0,3,35036,0.0003995889941774
103,2001-12-16,7,11,0,0,0,1,0,0,0,0,1,35036,0.0001997944970887
104,2001-12-23,15,19,0,0,1,0,0,0,0,0,4,35036,0.00042813106519
105,2001-12-30,5,7,0,0,0,0,0,0,0,0,0,37630,0.0001328727079457
106,2002-01-06,26,22,0,0,2,0,0,0,0,0,12,38063,0.0006830780548038
107,2002-01-13,29,32,0,0,2,0,0,0,0,0,6,38063,0.000761894753435
108,2002-01-20,14,16,0,0,0,0,0,0,0,0,1,38063,0.000367811260279
109,2002-01-27,15,21,0,0,0,1,0,0,0,0,0,38063,0.000394083493156
110,2002-02-03,11,13,0,0,0,1,0,0,0,0,3,38063,0.0002889945616477
111,2002-02-10,15,16,0,0,1,0,0,0,0,0,13,38063,0.000394083493156
112,2002-02-17,13,16,0,0,0,1,0,0,0,0,5,38063,0.0003415390274019
113,2002-02-24,10,10,0,0,4,0,0,0,0,0,2,38063,0.0002627223287707
114,2002-03-03,20,21,0,0,6,0,0,0,0,0,4,38063,0.0005254446575414
115,2002-03-10,22,22,0,0,1,0,0,0,0,0,4,38063,0.0005779891232955
116,2002-03-17,34,34,0,0,14,0,0,0,0,0,6,38063,0.0008932559178204
117,2002-03-24,13,18,0,0,0,1,0,0,0,0,3,38063,0.0003415390274019
118,2002-03-31,24,26,0,0,4,1,0,0,0,0,13,39601,0.0006060453018863
119,2002-04-07,28,38,0,0,2,1,0,0,0,0,11,39601,0.0007070528522007
120,2002-04-14,17,10,0,0,1,0,0,0,0,0,7,39601,0.0004292820888361
121,2002-04-21,13,15,0,0,3,0,0,0,0,0,3,39601,0.0003282745385217
122,2002-04-28,6,5,0,0,2,0,0,0,0,0,2,39601,0.0001515113254715
123,2002-05-05,14,15,0,0,1,0,0,0,0,0,4,39601,0.0003535264261003
124,2002-05-12,14,17,0,0,0,0,0,0,0,0,3,39601,0.0003535264261003
125,2002-05-19,16,19,0,0,0,0,0,0,0,0,4,39601,0.0004040302012575
126,2002-05-26,18,20,0,0,2,1,0,0,0,0,7,39601,0.0004545339764147
127,2002-06-02,12,13,0,0,0,1,0,0,0,0,4,39601,0.0003030226509431
128,2002-06-09,10,13,0,0,0,0,0,0,0,0,1,39601,0.0002525188757859
129,2002-06-16,9,11,0,0,1,0,0,0,0,0,1,39601,0.0002272669882073
130,2002-06-23,8,9,0,0,1,0,0,0,0,0,1,39601,0.0002020151006287
131,2002-06-30,9,7,0,0,1,1,0,0,0,0,3,38534,0.0002335599730108
132,2002-07-07,11,5,0,0,0,0,0,0,0,0,10,38534,0.0002854621892354
133,2002-07-14,24,26,0,0,10,0,0,0,0,0,3,38534,0.0006228265946955
134,2002-07-21,19,19,0,0,8,0,0,0,0,0,6,38534,0.000493071054134
135,2002-07-28,16,16,0,0,3,0,0,0,0,0,2,38534,0.000415217729797
136,2002-08-04,23,28,0,0,0,0,0,0,0,0,2,38534,0.0005968754865832
137,2002-08-11,41,41,0,0,2,1,0,0,0,0,20,38534,0.0010639954326049
138,2002-08-18,23,21,0,0,2,0,0,0,0,0,8,38534,0.0005968754865832
139,2002-08-25,16,18,0,0,1,0,0,0,0,0,2,38534,0.000415217729797
140,2002-09-01,12,10,0,0,2,0,0,0,0,0,3,38534,0.0003114132973477
141,2002-09-08,10,7,0,2,1,0,0,0,0,0,4,38534,0.0002595110811231
142,2002-09-15,16,21,0,0,1,1,0,0,0,0,0,38534,0.000415217729797
143,2002-09-22,14,19,0,0,3,0,0,0,0,0,5,38534,0.0003633155135724
144,2002-09-29,12,12,0,0,1,0,0,0,0,0,3,38816,0.0003091508656224
145,2002-10-06,14,18,0,0,1,0,0,0,0,0,2,38864,0.0003602305475504
146,2002-10-13,7,9,0,0,1,0,0,0,0,0,2,38864,0.0001801152737752
147,2002-10-20,4,4,0,0,0,0,0,0,0,0,0,38864,0.0001029230135858
148,2002-10-27,10,9,0,0,0,0,0,0,0,0,4,38864,0.0002573075339645
149,2002-11-03,16,17,0,0,3,0,0,0,0,0,5,38864,0.0004116920543433
150,2002-11-10,16,21,0,0,1,1,0,0,0,0,1,38864,0.0004116920543433
151,2002-11-17,20,28,0,0,3,1,0,0,0,0,7,38864,0.0005146150679291
152,2002-11-24,13,15,1,0,2,0,0,0,0,0,3,38864,0.0003344997941539
153,2002-12-01,5,7,0,0,0,0,0,0,0,0,0,38864,0.0001286537669822
154,2002-12-08,19,12,0,0,0,0,0,0,0,0,14,38864,0.0004888843145327
155,2002-12-15,16,20,0,0,1,1,0,0,0,0,1,38864,0.0004116920543433
156,2002-12-22,13,12,0,0,0,0,0,0,0,0,4,38864,0.0003344997941539
157,2002-12-29,7,9,0,0,1,0,0,0,0,0,1,36988,0.0001892505677517
158,2003-01-05,27,28,0,0,0,0,0,0,0,0,13,36238,0.0007450742314697
159,2003-01-12,14,16,0,0,4,0,0,0,0,0,0,36238,0.000386334786688
160,2003-01-19,7,7,0,0,1,0,0,0,0,0,1,36238,0.000193167393344
161,2003-01-26,7,8,0,0,1,0,0,0,0,0,0,36238,0.000193167393344
162,2003-02-02,18,23,0,0,0,2,0,0,0,0,4,36238,0.0004967161543131
163,2003-02-09,14,15,0,0,3,0,0,0,0,0,4,36238,0.000386334786688
164,2003-02-16,8,8,0,0,1,0,0,0,0,0,3,36238,0.0002207627352502
165,2003-02-23,14,11,0,0,2,0,0,0,0,0,12,36238,0.000386334786688
166,2003-03-02,9,11,0,0,3,0,0,0,0,0,4,36238,0.0002483580771565
167,2003-03-09,13,13,0,0,2,0,0,0,0,0,2,36238,0.0003587394447817
168,2003-03-16,16,13,0,0,2,1,0,0,0,0,7,36238,0.0004415254705005
169,2003-03-23,17,21,0,0,1,0,0,0,0,0,2,36238,0.0004691208124068
170,2003-03-30,15,20,0,0,3,2,0,0,0,0,3,36886,0.0004066583527625
171,2003-04-06,7,10,0,0,2,0,0,0,0,0,1,36995,0.0001892147587511
172,2003-04-13,19,23,0,0,5,0,0,0,0,0,4,36995,0.0005135829166103
173,2003-04-20,15,22,0,0,1,0,0,0,0,0,3,36995,0.0004054601973239
174,2003-04-27,13,17,0,0,1,0,0,0,0,0,1,36995,0.0003513988376807
175,2003-05-04,5,6,0,0,0,0,0,0,0,0,2,36995,0.0001351533991079
176,2003-05-11,10,11,0,0,1,1,0,0,0,0,1,36995,0.0002703067982159
177,2003-05-18,20,20,0,0,0,0,0,0,0,0,2,36995,0.0005406135964319
178,2003-05-25,16,17,0,0,3,0,0,0,0,0,7,36995,0.0004324908771455
179,2003-06-01,13,14,0,0,2,0,0,0,0,0,4,36995,0.0003513988376807
180,2003-06-08,27,32,0,0,2,0,0,0,0,0,5,36995,0.0007298283551831
181,2003-06-15,27,40,0,0,1,0,0,0,0,0,3,36995,0.0007298283551831
182,2003-06-22,17,22,0,0,1,1,0,0,0,0,5,36995,0.0004595215569671
183,2003-06-29,8,6,0,0,0,0,0,0,0,0,3,36794,0.0002174267543621
184,2003-07-06,13,16,0,0,1,1,0,0,0,0,4,36760,0.0003536452665941
185,2003-07-13,28,25,0,0,0,0,0,0,0,0,9,36760,0.0007616974972796
186,2003-07-20,23,11,0,0,0,0,0,0,0,0,20,36760,0.0006256800870511
187,2003-07-27,20,24,0,0,1,1,0,0,1,0,3,36760,0.000544069640914
188,2003-08-03,17,26,0,0,0,2,0,0,0,0,2,36760,0.0004624591947769
189,2003-08-10,27,27,0,0,10,0,0,0,0,0,6,36760,0.0007344940152339
190,2003-08-17,14,9,0,0,3,0,0,0,0,0,5,36760,0.0003808487486398
191,2003-08-24,16,15,0,0,6,0,0,0,0,0,8,36760,0.0004352557127312
192,2003-08-31,18,18,0,0,2,0,0,0,0,0,5,36760,0.0004896626768226
193,2003-09-07,6,8,0,0,0,0,0,0,0,0,1,36760,0.0001632208922742
194,2003-09-14,6,6,0,0,0,0,0,0,0,0,0,36760,0.0001632208922742
195,2003-09-21,12,14,0,0,1,0,0,0,0,0,3,36760,0.0003264417845484
196,2003-09-28,10,12,1,0,0,1,0,0,0,0,3,39008,0.0002563576702214
197,2003-10-05,19,21,0,0,10,0,0,0,0,0,2,39907,0.0004761069486556
198,2003-10-12,9,11,0,0,0,1,0,0,0,0,2,39907,0.0002255243441
199,2003-10-19,10,14,0,0,0,0,0,0,0,0,1,39907,0.0002505826045555
200,2003-10-26,16,20,0,0,0,1,0,0,0,0,4,39907,0.0004009321672889
201,2003-11-02,13,20,0,0,2,0,0,0,0,0,1,39907,0.0003257573859222
202,2003-11-09,11,12,0,0,2,0,0,0,0,0,3,39907,0.0002756408650111
203,2003-11-16,15,17,0,0,2,1,0,0,0,0,4,39907,0.0003758739068333
204,2003-11-23,3,4,0,0,0,0,0,0,0,0,0,39907,7.517478136667752e-05
205,2003-11-30,16,13,0,0,2,0,0,0,0,0,7,39907,0.0004009321672889
206,2003-12-07,11,12,0,0,0,0,0,0,0,0,3,39907,0.0002756408650111
207,2003-12-14,13,22,0,0,0,0,0,0,0,0,0,39907,0.0003257573859222
208,2003-12-21,25,31,0,0,4,1,0,0,0,0,9,39907,0.0006264565113889
209,2003-12-28,9,12,0,0,1,0,0,0,0,0,3,39686,0.0002267802247644
210,2004-01-04,10,8,0,0,1,0,0,0,0,0,4,39520,0.0002530364372469
211,2004-01-11,12,12,0,0,0,0,0,0,0,0,1,39520,0.0003036437246963
212,2004-01-18,8,8,0,0,1,0,0,0,0,0,1,39520,0.0002024291497975
213,2004-01-25,30,36,0,0,0,0,0,0,0,0,18,39520,0.0007591093117408
214,2004-02-01,9,13,0,0,0,0,0,0,1,0,1,39520,0.0002277327935222
215,2004-02-08,27,33,0,0,0,1,0,0,1,0,3,39520,0.0006831983805668
216,2004-02-15,13,18,0,0,1,1,0,0,0,0,3,39520,0.000328947368421
217,2004-02-22,19,23,0,0,1,1,0,0,0,0,4,39520,0.0004807692307692
218,2004-02-29,19,23,0,0,2,1,0,0,0,0,2,39520,0.0004807692307692
219,2004-03-07,12,15,0,0,2,0,0,0,0,0,1,39520,0.0003036437246963
220,2004-03-14,17,14,0,0,0,0,0,0,0,0,6,39520,0.0004301619433198
221,2004-03-21,15,20,0,0,1,0,0,0,0,0,0,39520,0.0003795546558704
222,2004-03-28,12,13,0,0,4,0,0,0,0,0,1,40162,0.0002987899009013
223,2004-04-04,18,28,0,0,1,0,0,0,0,0,0,40643,0.0004428806928622
224,2004-04-11,3,4,0,0,1,0,0,0,0,0,1,40643,7.381344881037324e-05
225,2004-04-18,22,27,0,0,0,1,0,0,0,0,2,40643,0.0005412986246094
226,2004-04-25,19,20,0,0,0,0,0,0,0,0,6,40643,0.000467485175799
227,2004-05-02,9,11,0,0,0,2,0,0,0,0,4,40643,0.0002214403464311
228,2004-05-09,11,13,0,0,0,0,0,0,0,0,1,40643,0.0002706493123047
229,2004-05-16,12,13,0,0,0,1,0,0,1,0,4,40643,0.0002952537952414
230,2004-05-23,15,18,0,0,0,1,0,0,0,0,5,40643,0.0003690672440518
231,2004-05-30,15,21,0,0,1,1,0,0,0,0,6,40643,0.0003690672440518
232,2004-06-06,16,14,0,0,2,0,0,0,0,0,3,40643,0.0003936717269886
233,2004-06-13,16,24,0,0,0,0,0,0,0,0,3,40643,0.0003936717269886
234,2004-06-20,10,10,0,0,0,0,0,0,0,0,7,40643,0.0002460448293679
235,2004-06-27,19,25,0,0,4,0,0,0,0,0,7,39386,0.0004824049154521
236,2004-07-04,20,28,0,0,0,1,0,0,0,0,12,38444,0.000520237228176
237,2004-07-11,12,14,0,0,0,0,0,0,0,0,2,38444,0.0003121423369056
238,2004-07-18,10,9,0,0,0,1,0,0,0,0,5,38444,0.000260118614088
239,2004-07-25,18,26,0,0,1,1,0,0,0,0,1,38444,0.0004682135053584
240,2004-08-01,25,28,0,0,3,0,0,0,0,0,8,38444,0.00065029653522
241,2004-08-08,25,33,0,0,9,0,0,0,0,0,4,38444,0.00065029653522
242,2004-08-15,21,24,0,0,3,0,0,0,0,0,1,38444,0.0005462490895848
243,2004-08-22,16,15,0,0,2,0,0,0,1,0,5,38444,0.0004161897825408
244,2004-08-29,17,25,0,0,0,2,0,0,0,0,0,38444,0.0004422016439496
245,2004-09-05,13,8,0,0,2,0,0,0,0,0,9,38444,0.0003381541983144
246,2004-09-12,21,25,0,0,0,0,0,0,0,0,4,38444,0.0005462490895848
247,2004-09-19,29,37,0,0,4,1,0,0,0,0,12,38444,0.0007543439808552
248,2004-09-26,18,13,0,0,0,0,0,0,0,0,14,39300,0.0004580152671755
249,2004-10-03,17,12,0,0,6,0,0,0,0,0,9,40443,0.0004203446826397
250,2004-10-10,16,19,0,0,2,0,0,0,0,0,5,40443,0.0003956185248374
251,2004-10-17,29,21,0,0,0,0,0,0,0,0,19,40443,0.0007170585762678
252,2004-10-24,21,15,0,0,0,1,0,0,0,0,11,40443,0.0005192493138491
253,2004-10-31,26,19,0,0,2,0,0,0,0,0,17,40443,0.0006428801028608
254,2004-11-07,24,20,0,0,2,0,0,0,0,0,12,40443,0.0005934277872561
255,2004-11-14,43,42,0,0,31,0,0,0,0,0,12,40443,0.0010632247855005
256,2004-11-21,19,15,0,0,4,0,0,0,0,0,6,40443,0.0004697969982444
257,2004-11-28,15,18,0,0,1,1,0,0,0,0,2,40443,0.000370892367035
258,2004-12-05,30,29,0,0,4,4,0,0,0,0,12,40443,0.0007417847340701
259,2004-12-12,20,17,0,0,3,0,0,0,0,0,10,40443,0.0004945231560467
260,2004-12-19,16,19,0,0,0,0,0,0,0,0,4,40443,0.0003956185248374
261,2004-12-26,17,9,0,0,0,0,0,0,0,0,10,39970,0.0004253189892419
262,2005-01-02,16,16,0,0,0,0,0,0,0,0,10,38788,0.0004124987109415
263,2005-01-09,13,11,0,0,1,0,0,0,0,0,7,38788,0.0003351552026399
264,2005-01-16,30,20,0,0,17,0,0,0,0,0,7,38788,0.0007734350830153
265,2005-01-23,16,17,0,0,2,0,0,1,0,0,4,38788,0.0004124987109415
266,2005-01-30,26,24,0,0,4,0,0,0,1,0,10,38788,0.0006703104052799
267,2005-02-06,18,10,0,0,2,0,0,0,0,0,12,38788,0.0004640610498092
268,2005-02-13,66,32,0,0,0,0,0,0,1,0,53,38788,0.0017015571826338
269,2005-02-20,27,21,0,0,12,0,0,0,0,0,17,38788,0.0006960915747138
270,2005-02-27,17,14,0,0,0,0,0,0,0,0,10,38788,0.0004382798803753
271,2005-03-06,33,35,0,0,2,0,0,0,0,0,13,38788,0.0008507785913169
272,2005-03-13,19,21,0,0,2,0,0,0,0,0,4,38788,0.000489842219243
273,2005-03-20,29,26,0,0,1,0,0,0,0,0,7,38788,0.0007476539135815
274,2005-03-27,21,22,0,0,1,0,0,0,0,0,9,39123,0.0005367686527106
275,2005-04-03,8,8,0,0,0,0,0,0,0,0,3,39572,0.0002021631456585
276,2005-04-10,13,14,0,0,1,0,0,0,1,0,4,39572,0.0003285151116951
277,2005-04-17,32,45,0,0,7,0,0,0,0,0,4,39572,0.0008086525826341
278,2005-04-24,22,25,0,0,2,0,0,0,0,0,7,39572,0.000555948650561
279,2005-05-01,16,17,0,0,0,0,0,0,0,0,6,39572,0.000404326291317
280,2005-05-08,16,21,0,0,0,0,0,0,0,0,3,39572,0.000404326291317
281,2005-05-15,22,26,0,0,1,0,0,0,0,0,7,39572,0.000555948650561
282,2005-05-22,27,32,0,0,0,0,0,0,0,0,4,39572,0.0006823006165975
283,2005-05-29,21,24,0,0,4,1,0,0,0,0,4,39572,0.0005306782573536
284,2005-06-05,21,22,0,0,1,0,0,0,0,0,10,39572,0.0005306782573536
285,2005-06-12,24,31,0,0,1,0,0,0,0,0,4,39572,0.0006064894369756
286,2005-06-19,11,10,0,0,2,0,0,0,0,0,2,39572,0.0002779743252805
287,2005-06-26,13,14,0,0,4,0,0,0,0,0,4,38765,0.0003353540564942
288,2005-07-03,14,10,0,0,0,0,0,0,0,0,7,37692,0.0003714316035232
289,2005-07-10,16,20,0,0,1,0,0,0,0,0,0,37692,0.0004244932611694
290,2005-07-17,17,19,0,0,4,0,0,0,0,0,6,37692,0.0004510240899925
291,2005-07-24,21,30,0,0,1,1,0,0,0,0,5,37692,0.0005571474052849
292,2005-07-31,9,8,0,0,0,0,0,0,0,0,2,37692,0.0002387774594078
293,2005-08-07,15,17,0,0,3,0,0,0,0,0,4,37692,0.0003979624323463
294,2005-08-14,22,21,0,0,17,1,0,0,0,0,4,37692,0.000583678234108
295,2005-08-21,15,17,0,0,2,1,0,0,0,0,7,37692,0.0003979624323463
296,2005-08-28,18,12,0,0,0,0,0,0,0,0,9,37692,0.0004775549188156
297,2005-09-04,15,9,0,0,3,0,0,0,0,0,12,37692,0.0003979624323463
298,2005-09-11,30,32,0,0,5,0,0,0,0,0,19,37692,0.0007959248646927
299,2005-09-18,17,12,0,0,0,0,0,0,0,0,10,37692,0.0004510240899925
300,2005-09-25,42,61,0,0,2,1,0,0,0,0,4,38160,0.0011006289308176
301,2005-10-02,13,14,0,0,0,0,0,0,0,0,3,39329,0.0003305448905387
302,2005-10-09,12,10,0,0,0,0,0,0,0,0,3,39329,0.0003051183604973
303,2005-10-16,10,13,0,0,0,1,0,0,0,0,2,39329,0.0002542653004144
304,2005-10-23,15,19,0,0,5,0,0,0,0,0,4,39329,0.0003813979506216
305,2005-10-30,32,34,0,0,2,0,0,0,0,0,12,39329,0.0008136489613262
306,2005-11-06,17,19,0,0,0,0,0,0,0,0,7,39329,0.0004322510107045
307,2005-11-13,24,29,0,0,1,0,0,0,0,0,9,39329,0.0006102367209946
308,2005-11-20,26,36,0,0,3,1,0,0,0,0,2,39329,0.0006610897810775
309,2005-11-27,37,41,0,0,8,0,0,0,0,0,12,39329,0.0009407816115334
310,2005-12-04,28,33,0,0,2,0,0,0,0,0,4,39329,0.0007119428411604
311,2005-12-11,20,25,0,0,0,0,0,0,0,0,3,39329,0.0005085306008289
312,2005-12-18,15,13,0,0,1,0,0,0,0,0,5,39329,0.0003813979506216
313,2005-12-25,18,14,0,0,0,0,0,0,0,0,4,38854,0.0004632727647089
314,2006-01-01,11,13,0,0,3,0,0,0,0,0,6,36006,0.0003055046381158
315,2006-01-08,12,13,0,0,4,0,0,0,0,0,3,36006,0.0003332777870354
316,2006-01-15,13,15,0,0,2,0,0,0,0,0,3,36006,0.0003610509359551
317,2006-01-22,21,18,0,0,3,0,0,0,0,0,4,36006,0.0005832361273121
318,2006-01-29,17,20,0,0,0,0,0,0,0,0,4,36006,0.0004721435316336
319,2006-02-05,22,25,0,0,1,0,0,0,0,0,9,36006,0.0006110092762317
320,2006-02-12,28,29,0,0,2,0,0,0,0,0,10,36006,0.0007776481697494
321,2006-02-19,30,40,0,0,1,0,0,0,0,0,5,36006,0.0008331944675887
322,2006-02-26,18,23,0,0,3,0,0,0,0,0,1,36006,0.0004999166805532
323,2006-03-05,17,21,0,0,1,2,0,0,0,0,3,36006,0.0004721435316336
324,2006-03-12,18,20,0,0,3,0,0,0,0,0,4,36006,0.0004999166805532
325,2006-03-19,29,30,1,0,0,0,0,0,0,0,9,36006,0.0008054213186691
326,2006-03-26,23,22,0,0,5,0,0,0,0,0,8,36133,0.0006365372374283
327,2006-04-02,11,13,0,0,0,1,0,0,0,0,2,36451,0.0003017749855971
328,2006-04-09,24,28,0,0,5,0,0,0,0,0,3,36451,0.0006584181503936
329,2006-04-16,26,35,0,0,3,0,0,0,0,0,4,36451,0.0007132863295931
330,2006-04-23,21,25,0,0,2,3,0,0,0,0,6,36451,0.0005761158815944
331,2006-04-30,11,9,0,0,1,0,0,0,0,0,3,36451,0.0003017749855971
332,2006-05-07,18,26,1,0,6,0,0,0,0,0,4,36451,0.0004938136127952
333,2006-05-14,17,22,0,0,3,0,0,0,0,0,6,36451,0.0004663795231955
334,2006-05-21,4,3,0,0,2,0,0,0,0,0,1,36451,0.0001097363583989
335,2006-05-28,9,8,0,0,1,0,0,0,0,0,2,36451,0.0002469068063976
336,2006-06-04,32,42,0,0,0,0,0,0,0,0,22,36451,0.0008778908671915
337,2006-06-11,22,23,0,0,10,0,0,0,0,0,9,36451,0.0006035499711942
338,2006-06-18,19,15,0,0,3,0,0,0,0,0,9,36451,0.0005212477023949
339,2006-06-25,34,33,0,0,16,0,0,0,0,0,4,36097,0.0009419065296285
340,2006-07-02,24,24,0,0,6,0,0,0,0,0,7,35214,0.0006815471119441
341,2006-07-09,11,14,0,0,0,0,0,0,0,0,1,35214,0.000312375759641
342,2006-07-16,7,7,0,0,0,0,0,0,0,0,2,35214,0.000198784574317
343,2006-07-23,19,26,0,0,2,1,0,0,0,0,1,35214,0.000539558130289
344,2006-07-30,19,21,0,0,3,1,0,0,0,0,1,35214,0.000539558130289
345,2006-08-06,11,16,0,0,0,0,0,0,0,0,0,35214,0.000312375759641
346,2006-08-13,19,28,0,0,1,0,0,0,0,0,1,35214,0.000539558130289
347,2006-08-20,25,31,0,0,3,1,0,0,0,0,5,35214,0.0007099449082751
348,2006-08-27,39,45,0,0,3,0,0,0,0,0,13,35214,0.0011075140569091
349,2006-09-03,28,40,0,0,2,0,0,0,0,0,5,35214,0.0007951382972681
350,2006-09-10,42,55,0,0,0,0,0,0,1,0,18,35214,0.0011927074459021
351,2006-09-17,36,46,0,0,0,1,0,0,0,0,14,35214,0.0010223206679161
352,2006-09-24,21,22,0,0,0,0,0,0,0,0,9,35226,0.0005961505706012
353,2006-10-01,7,8,0,0,1,0,0,0,0,0,0,35301,0.0001982946658734
354,2006-10-08,18,19,0,0,1,0,0,0,0,0,4,35301,0.0005099005693889
355,2006-10-15,17,19,0,0,1,0,0,0,0,0,8,35301,0.0004815727599784
356,2006-10-22,26,23,0,0,0,0,0,0,0,0,13,35301,0.0007365230446729
357,2006-10-29,32,37,0,0,5,0,0,0,0,0,17,35301,0.0009064899011359
358,2006-11-05,27,21,0,0,5,0,0,0,0,0,8,35301,0.0007648508540834
359,2006-11-12,19,24,0,0,6,0,0,0,0,0,7,35301,0.0005382283787994
360,2006-11-19,14,16,0,0,3,0,0,0,0,0,3,35301,0.0003965893317469
361,2006-11-26,19,18,0,0,0,0,0,0,0,0,10,35301,0.0005382283787994
362,2006-12-03,10,12,0,0,0,0,0,0,0,0,1,35301,0.0002832780941049
363,2006-12-10,16,22,0,0,1,0,0,0,0,0,4,35301,0.0004532449505679
364,2006-12-17,21,20,0,2,2,0,0,0,0,0,6,35301,0.0005948839976204
365,2006-12-24,13,11,0,0,0,0,0,0,0,0,5,35301,0.0003682615223364
366,2006-12-31,17,26,0,0,0,0,0,0,0,0,5,36479,0.0004660215466432
367,2007-01-07,22,25,0,0,0,0,0,0,0,0,12,36479,0.0006030867074207
368,2007-01-14,16,17,0,0,1,0,0,0,0,0,4,36479,0.0004386085144877
369,2007-01-21,25,31,1,0,3,0,0,0,0,0,9,36479,0.0006853258038871
370,2007-01-28,24,10,0,0,0,0,0,0,0,0,17,36479,0.0006579127717316
371,2007-02-04,59,54,0,0,5,1,0,0,0,0,32,36479,0.0016173688971737
372,2007-02-11,23,20,0,0,3,0,0,0,0,0,11,36479,0.0006304997395761
373,2007-02-18,20,21,0,0,2,0,0,0,0,0,9,36479,0.0005482606431097
374,2007-02-25,47,45,0,0,30,0,0,0,1,0,18,36479,0.0012884125113078
375,2007-03-04,33,34,0,0,4,0,0,0,0,0,17,36479,0.000904630061131
376,2007-03-11,31,22,0,0,1,1,0,0,1,0,14,36479,0.00084980399682
377,2007-03-18,49,50,0,0,6,0,0,0,0,0,17,36479,0.0013432385756188
378,2007-03-25,18,14,0,0,2,0,0,0,0,0,7,36828,0.0004887585532746
379,2007-04-01,50,28,0,9,4,0,0,0,0,0,29,38922,0.0012846205230974
380,2007-04-08,29,29,0,0,4,1,0,0,0,0,10,38922,0.0007450799033965
381,2007-04-15,38,27,0,0,0,1,0,0,0,0,31,38922,0.000976311597554
382,2007-04-22,25,21,0,0,1,0,0,0,0,0,15,38922,0.0006423102615487
383,2007-04-29,47,27,0,0,5,0,0,0,0,0,33,38922,0.0012075432917116
384,2007-05-06,25,15,0,0,3,0,0,0,0,0,13,38922,0.0006423102615487
385,2007-05-13,21,14,0,0,1,0,0,0,0,0,18,38922,0.0005395406197009
386,2007-05-20,27,24,0,0,2,0,0,0,0,0,10,38922,0.0006936950824726
387,2007-05-27,36,32,0,0,0,0,0,0,0,0,16,38922,0.0009249267766301
388,2007-06-03,33,23,0,0,0,0,0,0,0,0,21,38922,0.0008478495452443
389,2007-06-10,26,27,0,0,1,0,0,0,0,0,9,38922,0.0006680026720106
390,2007-06-17,25,18,0,0,1,0,0,0,0,0,16,38922,0.0006423102615487
391,2007-06-24,22,23,0,0,0,2,0,0,0,0,7,38811,0.0005668496044935
392,2007-07-01,20,30,0,0,1,0,0,0,0,0,4,38153,0.000524205173905
393,2007-07-08,21,14,0,0,1,0,0,0,0,0,9,38153,0.0005504154326003
394,2007-07-15,21,18,0,0,1,0,0,0,0,0,12,38153,0.0005504154326003
395,2007-07-22,12,14,0,0,1,0,0,0,0,0,4,38153,0.000314523104343
396,2007-07-29,18,16,0,0,2,0,0,0,0,0,8,38153,0.0004717846565145
397,2007-08-05,37,35,0,0,2,0,0,0,0,0,23,38153,0.0009697795717243
398,2007-08-12,27,15,0,0,0,2,0,0,0,0,20,38153,0.0007076769847718
399,2007-08-19,25,24,0,0,0,0,0,0,0,0,12,38153,0.0006552564673813
400,2007-08-26,31,28,0,0,2,0,0,0,0,0,20,38153,0.0008125180195528
401,2007-09-02,17,14,0,0,0,0,0,0,0,0,9,38153,0.0004455743978193
402,2007-09-09,36,36,0,0,0,0,0,0,0,0,22,38153,0.0009435693130291
403,2007-09-16,20,17,0,0,1,0,0,0,0,0,12,38153,0.000524205173905
404,2007-09-23,19,22,0,0,1,0,0,0,0,0,3,38153,0.0004979949152098
405,2007-09-30,30,23,0,0,3,0,0,0,0,0,9,41194,0.0007282613972908
406,2007-10-07,28,23,0,0,3,0,0,0,1,0,14,41194,0.0006797106374714
407,2007-10-14,44,41,0,0,0,0,0,0,0,0,25,41194,0.0010681167160266
408,2007-10-21,50,52,1,0,0,0,0,0,0,0,21,41194,0.0012137689954847
409,2007-10-28,36,33,0,0,0,1,0,0,0,0,16,41194,0.000873913676749
410,2007-11-04,37,32,0,0,3,0,0,0,0,0,25,41194,0.0008981890566587
411,2007-11-11,57,31,0,0,0,0,0,0,0,0,42,41194,0.0013836966548526
412,2007-11-18,23,13,0,0,5,0,0,0,0,0,16,41194,0.0005583337379229
413,2007-11-25,43,35,0,0,1,0,0,0,0,0,30,41194,0.0010438413361169
414,2007-12-02,31,18,0,0,0,0,0,0,0,0,22,41194,0.0007525367772005
415,2007-12-09,25,16,0,0,0,0,0,0,0,0,15,41194,0.0006068844977423
416,2007-12-16,29,18,0,0,0,0,0,0,0,0,19,41194,0.0007039860173811
417,2007-12-23,23,28,0,0,0,0,0,0,0,0,10,41194,0.0005583337379229
418,2007-12-30,28,25,0,0,0,0,0,0,0,0,20,46102,0.0006073489219556
419,2008-01-06,24,21,0,0,1,0,0,0,0,0,13,46921,0.0005114980499136
420,2008-01-13,21,16,0,0,0,0,0,0,0,0,10,46921,0.0004475607936744
421,2008-01-20,42,37,0,0,0,0,0,0,0,0,28,46921,0.0008951215873489
422,2008-01-27,20,18,0,0,0,1,0,0,0,0,8,46921,0.000426248374928
423,2008-02-03,11,8,0,0,0,0,0,0,0,0,7,46921,0.0002344366062104
424,2008-02-10,32,29,0,0,1,0,0,0,0,0,17,46921,0.0006819973998849
425,2008-02-17,26,18,0,0,0,0,0,0,0,0,17,46921,0.0005541228874064
426,2008-02-24,28,25,0,0,0,1,0,0,0,0,13,46921,0.0005967477248992
427,2008-03-02,46,46,0,0,2,1,0,0,0,0,27,46921,0.0009803712623345
428,2008-03-09,26,27,0,0,0,0,0,0,0,0,11,46921,0.0005541228874064
429,2008-03-16,50,25,0,0,0,0,0,0,0,0,38,46921,0.0010656209373201
430,2008-03-23,32,35,0,0,2,2,0,0,0,0,11,46921,0.0006819973998849
431,2008-03-30,28,15,0,0,3,1,0,0,0,0,21,53935,0.0005191434133679
432,2008-04-06,25,21,0,0,4,0,0,0,0,0,11,55105,0.0004536793394428
433,2008-04-13,52,38,0,0,12,0,0,0,0,0,31,55105,0.0009436530260411
434,2008-04-20,31,18,0,0,0,0,0,0,0,0,25,55105,0.0005625623809091
435,2008-04-27,18,14,0,0,0,0,0,0,0,0,11,55105,0.0003266491243988
436,2008-05-04,21,23,0,0,1,0,0,0,0,0,6,55105,0.000381090645132
437,2008-05-11,22,10,0,0,0,0,0,0,0,0,17,55105,0.0003992378187097
438,2008-05-18,25,10,0,0,0,0,0,0,0,0,22,55105,0.0004536793394428
439,2008-05-25,46,30,0,0,0,1,0,0,0,0,36,55105,0.0008347699845749
440,2008-06-01,46,23,0,0,1,0,1,0,0,0,33,55105,0.0008347699845749
441,2008-06-08,40,24,0,0,2,0,0,0,0,0,24,55105,0.0007258869431086
442,2008-06-15,35,25,0,0,2,0,0,0,0,0,21,55105,0.00063515107522
443,2008-06-22,54,35,0,0,6,0,0,0,0,0,40,55105,0.0009799473731966
444,2008-06-29,26,11,0,0,3,0,0,0,0,0,18,57639,0.0004510834677909
445,2008-07-06,56,22,0,0,0,0,0,0,0,0,49,58062,0.0009644862388481
446,2008-07-13,32,20,0,0,0,0,0,0,0,0,21,58062,0.0005511349936275
447,2008-07-20,41,29,0,0,1,0,0,0,0,0,25,58062,0.0007061417105852
448,2008-07-27,39,37,0,0,8,0,0,0,0,0,14,58062,0.0006716957734835
449,2008-08-03,37,32,0,0,2,0,0,0,0,0,23,58062,0.0006372498363817
450,2008-08-10,15,6,0,0,0,1,0,0,0,0,12,58062,0.0002583445282628
451,2008-08-17,43,26,0,0,0,0,0,0,0,0,29,58062,0.0007405876476869
452,2008-08-24,54,20,0,0,2,0,0,0,0,0,42,58062,0.0009300403017464
453,2008-08-31,32,14,0,0,0,0,0,0,0,0,27,58062,0.0005511349936275
454,2008-09-07,19,7,0,0,0,0,0,0,0,0,19,58062,0.0003272364024663
455,2008-09-14,38,25,0,0,2,2,0,0,0,0,29,58062,0.0006544728049326
456,2008-09-21,41,36,0,0,0,0,0,0,0,0,22,58062,0.0007061417105852
457,2008-09-28,53,23,0,0,0,0,0,0,0,0,45,61836,0.0008571058930073
458,2008-10-05,44,18,0,0,0,0,0,0,0,0,37,63346,0.0006945979225207
459,2008-10-12,86,54,0,0,2,0,0,0,0,0,56,63346,0.0013576232121996
460,2008-10-19,58,52,0,0,0,0,0,0,0,0,26,63346,0.0009156063524137
461,2008-10-26,64,40,0,0,1,1,0,0,0,0,46,63346,0.0010103242509392
462,2008-11-02,46,39,0,0,2,1,0,0,0,0,23,63346,0.0007261705553626
463,2008-11-09,51,50,0,0,0,0,0,0,0,0,19,63346,0.0008051021374672
464,2008-11-16,42,28,0,1,2,1,0,0,0,0,26,63346,0.0006630252896789
465,2008-11-23,86,77,0,0,0,0,0,0,0,0,32,63346,0.0013576232121996
466,2008-11-30,50,42,0,0,0,0,0,0,0,0,23,63346,0.0007893158210463
467,2008-12-07,39,17,0,0,2,0,0,0,0,0,26,63346,0.0006156663404161
468,2008-12-14,42,19,0,0,1,0,0,0,0,0,30,63346,0.0006630252896789
469,2008-12-21,32,20,0,0,0,0,0,0,0,0,21,63346,0.0005051621254696
470,2008-12-28,29,12,0,0,0,1,0,0,0,0,23,66184,0.0004381723679439
471,2009-01-04,48,30,0,0,0,0,0,0,0,0,28,68314,0.0007026378194806
472,2009-01-11,30,28,0,0,0,0,0,0,0,0,16,68314,0.0004391486371753
473,2009-01-18,37,30,0,0,0,1,0,0,0,0,16,68314,0.0005416166525163
474,2009-01-25,56,47,0,0,2,2,0,0,0,0,29,68314,0.0008197441227274
475,2009-02-01,49,28,0,0,2,0,0,0,0,0,29,68314,0.0007172761073864
476,2009-02-08,63,52,0,0,0,1,0,0,0,0,40,68314,0.0009222121380683
477,2009-02-15,55,41,0,0,2,0,0,0,0,0,34,68314,0.0008051058348215
478,2009-02-22,80,76,0,0,7,0,0,0,0,0,39,68314,0.0011710630324677
479,2009-03-01,74,66,0,0,0,0,0,0,0,0,37,68314,0.0010832333050326
480,2009-03-08,55,59,0,0,0,3,0,0,0,0,20,68314,0.0008051058348215
481,2009-03-15,77,75,0,0,0,0,0,0,0,0,30,68314,0.0011271481687501
482,2009-03-22,72,60,0,0,4,0,0,0,0,0,34,68314,0.0010539567292209
483,2009-03-29,75,61,0,0,3,0,0,0,0,0,39,69370,0.0010811590024506
484,2009-04-05,70,42,0,0,2,0,0,0,0,0,47,69794,0.0010029515431125
485,2009-04-12,54,32,0,0,3,0,0,0,0,0,36,69794,0.0007737054761154
486,2009-04-19,51,14,0,0,2,0,0,0,0,0,48,69794,0.0007307218385534
487,2009-04-26,53,30,0,1,2,0,0,0,0,0,36,69794,0.0007593775969281
488,2009-05-03,64,43,0,0,0,0,0,0,0,0,42,69794,0.0009169842679886
489,2009-05-10,38,39,0,0,0,0,0,0,0,0,20,69794,0.0005444594091182
490,2009-05-17,51,27,0,0,2,0,0,0,0,0,33,69794,0.0007307218385534
491,2009-05-24,55,36,0,0,0,0,0,0,0,0,38,69794,0.0007880333553027
492,2009-05-31,60,40,0,0,0,1,0,0,0,0,41,69794,0.0008596727512393
493,2009-06-07,72,51,1,0,1,0,0,0,0,0,41,69794,0.0010316073014872
494,2009-06-14,53,27,0,0,1,0,0,0,0,0,36,69794,0.0007593775969281
495,2009-06-21,50,42,0,0,0,0,0,0,0,0,33,69794,0.0007163939593661
496,2009-06-28,71,35,0,0,8,2,0,0,0,0,46,72593,0.0009780557354014
497,2009-07-05,70,35,0,0,11,0,0,0,0,0,55,73713,0.0009496289663967
498,2009-07-12,48,19,0,0,3,0,0,0,0,0,34,73713,0.0006511741483863
499,2009-07-19,46,36,0,0,1,0,0,0,0,0,31,73713,0.0006240418922035
500,2009-07-26,69,21,0,0,0,0,0,0,0,0,62,73713,0.0009360628383053
501,2009-08-02,68,39,0,0,1,1,0,0,0,0,45,73713,0.0009224967102139
502,2009-08-09,55,26,0,0,0,0,0,0,0,0,47,73713,0.0007461370450259
503,2009-08-16,39,28,0,0,0,0,0,0,0,0,26,73713,0.0005290789955638
504,2009-08-23,45,28,0,0,0,0,0,0,0,0,27,73713,0.0006104757641121
505,2009-08-30,51,27,0,0,0,0,0,0,0,0,38,73713,0.0006918725326604
506,2009-09-06,48,19,0,0,0,0,0,0,0,0,37,73713,0.0006511741483863
507,2009-09-13,41,30,0,0,0,2,0,0,0,0,26,73713,0.0005562112517466
508,2009-09-20,71,36,0,0,3,0,0,0,0,0,53,73713,0.000963195094488
509,2009-09-27,39,26,0,0,1,0,0,0,0,0,25,73859,0.0005280331442342
510,2009-10-04,59,42,0,0,1,0,0,0,0,0,32,73970,0.0007976206570231
511,2009-10-11,60,16,0,0,1,0,0,0,0,0,63,73970,0.0008111396512099
512,2009-10-18,68,60,0,0,4,1,0,0,0,0,37,73970,0.0009192916047046
513,2009-10-25,64,58,0,0,0,0,0,0,0,0,32,73970,0.0008652156279572
514,2009-11-01,65,45,0,0,2,1,0,0,0,0,44,73970,0.0008787346221441
515,2009-11-08,53,26,0,0,5,0,0,0,0,0,35,73970,0.0007165066919021
516,2009-11-15,82,45,0,0,0,0,0,0,0,0,64,73970,0.0011085575233202
517,2009-11-22,96,29,0,0,0,0,0,0,0,0,85,73970,0.0012978234419359
518,2009-11-29,108,101,0,0,5,1,0,0,0,0,61,73970,0.0014600513721779
519,2009-12-06,135,82,0,0,0,1,0,0,0,0,108,73970,0.0018250642152223
520,2009-12-13,125,90,0,0,0,0,0,0,0,0,76,73970,0.001689874273354
521,2009-12-20,41,22,0,0,0,0,0,0,0,0,28,73970,0.0005542787616601
522,2009-12-27,58,41,0,0,0,0,0,0,0,0,39,75026,0.0007730653373497
523,2010-01-03,55,49,0,0,1,1,0,0,0,0,33,76436,0.0007195562300486
524,2010-01-10,54,30,0,0,1,0,0,0,0,0,38,76436,0.0007064733895023
525,2010-01-17,52,37,0,0,3,1,0,0,0,0,23,76436,0.0006803077084096
526,2010-01-24,41,27,0,0,0,0,0,2,0,0,22,76436,0.0005363964623999
527,2010-01-31,56,39,0,0,0,0,0,0,0,0,31,76436,0.000732639070595
528,2010-02-07,36,27,0,0,1,0,0,0,0,0,23,76436,0.0004709822596682
529,2010-02-14,43,15,0,0,2,0,0,0,0,0,37,76436,0.0005625621434925
530,2010-02-21,53,33,0,0,1,0,0,0,0,0,38,76436,0.0006933905489559
531,2010-02-28,49,41,0,0,1,1,0,0,0,0,23,76436,0.0006410591867706
532,2010-03-07,76,87,0,0,1,2,0,0,0,0,28,76436,0.0009942958815217
533,2010-03-14,46,38,0,0,5,0,0,0,0,0,22,76436,0.0006018106651316
534,2010-03-21,66,49,0,0,0,0,0,0,0,0,27,76436,0.0008634674760584
535,2010-03-28,28,15,0,0,3,0,0,0,0,0,17,79685,0.0003513835728179
536,2010-04-04,48,39,0,0,10,0,0,0,0,0,25,82122,0.0005844962373054
537,2010-04-11,24,22,0,0,2,1,0,0,0,0,10,82122,0.0002922481186527
538,2010-04-18,67,36,0,0,10,1,0,0,0,0,37,82122,0.0008158593312388
539,2010-04-25,71,45,0,0,0,0,0,0,0,0,46,82122,0.0008645673510143
540,2010-05-02,30,19,0,0,0,0,0,0,0,0,20,82122,0.0003653101483159
541,2010-05-09,51,38,0,0,0,0,0,0,0,0,31,82122,0.000621027252137
542,2010-05-16,29,23,0,0,3,0,0,0,0,0,13,82122,0.000353133143372
543,2010-05-23,46,27,0,0,3,0,0,0,0,0,28,82122,0.0005601422274177
544,2010-05-30,64,77,0,0,1,0,0,0,0,0,24,82122,0.0007793283164072
545,2010-06-06,36,31,0,0,3,0,0,0,0,0,16,82122,0.0004383721779791
546,2010-06-13,21,18,0,0,0,0,0,0,0,0,10,82122,0.0002557171038211
547,2010-06-20,60,55,0,0,1,0,0,0,0,0,33,82122,0.0007306202966318
548,2010-06-27,21,12,0,0,1,0,0,0,0,0,13,81614,0.0002573087950596
549,2010-07-04,27,26,0,0,1,0,0,0,0,0,14,81234,0.0003323731442499
550,2010-07-11,50,36,0,0,3,0,0,0,0,0,23,81234,0.000615505822685
551,2010-07-18,47,28,0,0,0,0,0,0,0,0,32,81234,0.0005785754733239
552,2010-07-25,50,26,0,0,2,0,0,0,0,0,35,81234,0.000615505822685
553,2010-08-01,37,23,0,0,0,0,0,0,0,0,26,81234,0.0004554743087869
554,2010-08-08,33,17,0,0,0,0,0,0,0,0,23,81234,0.0004062338429721
555,2010-08-15,45,32,0,0,1,0,0,0,0,0,23,81234,0.0005539552404165
556,2010-08-22,46,31,0,0,0,0,0,0,0,0,32,81234,0.0005662653568702
557,2010-08-29,38,26,0,0,3,0,0,0,0,0,19,81234,0.0004677844252406
558,2010-09-05,32,31,0,0,0,0,0,0,0,0,19,81234,0.0003939237265184
559,2010-09-12,41,31,0,0,3,0,0,0,2,0,16,81234,0.0005047147746017
560,2010-09-19,9,9,0,0,0,0,0,0,0,0,5,81234,0.0001107910480833
561,2010-09-26,34,25,0,0,1,0,0,0,0,0,22,83760,0.0004059216809933
562,2010-10-03,56,43,0,0,1,0,0,0,2,0,26,87130,0.0006427177780328
563,2010-10-10,45,37,0,0,1,1,0,0,0,0,22,87130,0.000516469643062
564,2010-10-17,37,22,0,0,0,0,0,0,0,0,24,87130,0.0004246528176288
565,2010-10-24,60,64,0,0,2,0,0,0,0,0,23,87130,0.0006886261907494
566,2010-10-31,34,20,0,0,3,0,0,0,0,0,27,87130,0.0003902215080913
567,2010-11-07,39,35,0,0,3,0,0,0,1,0,17,87130,0.0004476070239871
568,2010-11-14,21,11,0,0,2,0,0,0,0,0,9,87130,0.0002410191667623
569,2010-11-21,50,38,0,0,2,0,0,0,0,0,32,87130,0.0005738551589578
570,2010-11-28,52,33,0,0,0,0,0,0,0,0,37,87130,0.0005968093653161
571,2010-12-05,73,62,0,0,3,0,0,0,0,0,39,87130,0.0008378285320785
572,2010-12-12,31,21,0,0,0,0,0,0,0,0,15,87130,0.0003557901985538
573,2010-12-19,19,19,0,0,0,0,0,0,0,0,10,87130,0.0002180649604039
574,2010-12-26,39,20,0,0,0,0,0,0,0,0,27,87331,0.0004465768169378
575,2011-01-02,28,30,0,0,2,0,0,0,0,0,13,87838,0.0003187686422732
576,2011-01-09,42,32,0,0,0,0,0,0,0,0,24,87838,0.0004781529634099
577,2011-01-16,33,24,0,0,1,0,0,0,0,0,16,87838,0.0003756916141077
578,2011-01-23,20,17,0,0,1,1,0,0,0,0,9,87838,0.000227691887338
579,2011-01-30,13,14,0,0,0,1,0,0,0,0,7,87838,0.0001479997267697
580,2011-02-06,75,66,0,0,0,3,0,0,0,0,40,87838,0.0008538445775177
581,2011-02-13,71,81,0,0,0,0,0,0,0,0,20,87838,0.00080830620005
582,2011-02-20,50,50,0,0,0,0,0,0,0,0,22,87838,0.0005692297183451
583,2011-02-27,49,44,0,0,0,1,0,0,0,0,15,87838,0.0005578451239782
584,2011-03-06,46,34,1,0,0,0,0,0,0,0,24,87838,0.0005236913408775
585,2011-03-13,51,40,0,0,2,0,0,0,0,0,26,87838,0.000580614312712
586,2011-03-20,69,51,0,0,3,1,0,0,0,0,34,87838,0.0007855370113162
587,2011-03-27,69,65,0,0,3,0,0,0,0,0,34,87875,0.0007852062588904
588,2011-04-03,56,37,1,0,6,0,0,0,0,0,39,87926,0.0006368992106999
589,2011-04-10,39,32,0,0,7,0,0,0,0,0,14,87926,0.0004435548074517
590,2011-04-17,45,37,0,0,3,1,0,0,0,0,18,87926,0.0005117940085981
591,2011-04-24,51,46,0,0,1,0,0,0,0,0,19,87926,0.0005800332097445
592,2011-05-01,20,22,0,0,0,0,0,0,0,0,10,87926,0.0002274640038213
593,2011-05-08,22,15,0,0,2,0,0,0,0,0,9,87926,0.0002502104042035
594,2011-05-15,25,22,0,0,0,0,0,0,0,0,8,87926,0.0002843300047767
595,2011-05-22,61,46,0,0,1,0,0,0,0,0,36,87926,0.0006937652116552
596,2011-05-29,62,54,0,0,0,0,0,0,0,0,27,87926,0.0007051384118463
597,2011-06-05,51,41,0,0,5,0,0,0,0,0,25,87926,0.0005800332097445
598,2011-06-12,49,47,0,0,3,2,0,0,0,0,20,87926,0.0005572868093624
599,2011-06-19,69,72,0,0,0,0,0,0,0,0,33,87926,0.0007847508131838
600,2011-06-26,47,31,0,0,12,0,0,0,0,0,32,86694,0.0005421367107296
601,2011-07-03,48,39,0,0,2,0,0,0,0,0,22,85054,0.0005643473557974
602,2011-07-10,31,26,0,0,1,0,0,0,0,0,16,85054,0.0003644743339525
603,2011-07-17,32,32,0,0,1,2,0,0,0,0,10,85054,0.0003762315705316
604,2011-07-24,18,17,0,0,1,0,0,0,0,0,7,85054,0.000211630258424
605,2011-07-31,35,34,0,0,0,0,0,0,0,0,10,85054,0.000411503280269
606,2011-08-07,32,26,0,0,1,0,0,0,0,0,16,85054,0.0003762315705316
607,2011-08-14,25,24,0,0,0,0,0,0,0,0,11,85054,0.0002939309144778
608,2011-08-21,31,30,0,0,0,0,0,0,0,0,7,85054,0.0003644743339525
609,2011-08-28,26,30,0,0,1,0,0,0,0,0,9,85054,0.0003056881510569
610,2011-09-04,23,17,0,0,0,0,0,0,0,0,11,85054,0.0002704164413196
611,2011-09-11,20,13,0,0,0,0,0,0,0,0,11,85054,0.0002351447315822
612,2011-09-18,38,34,0,0,1,0,0,0,0,0,28,85054,0.0004467749900063
613,2011-09-25,44,29,0,0,2,1,0,0,0,0,32,86953,0.00050602049383
614,2011-10-02,47,42,0,0,0,1,0,0,0,0,15,91701,0.0005125353049585
615,2011-10-09,47,36,0,0,0,0,0,0,0,0,30,91701,0.0005125353049585
616,2011-10-16,46,35,0,0,0,0,0,0,0,0,31,91701,0.00050163029847
617,2011-10-23,24,20,0,0,0,0,0,0,0,0,9,91701,0.0002617201557234
618,2011-10-30,31,16,0,0,1,0,0,0,0,0,22,91701,0.0003380552011428
619,2011-11-06,31,32,0,0,0,0,0,0,0,0,10,91701,0.0003380552011428
620,2011-11-13,39,13,0,0,4,0,0,0,0,0,26,91701,0.0004252952530506
621,2011-11-20,28,9,0,0,0,0,0,0,0,0,26,91701,0.0003053401816774
622,2011-11-27,46,34,0,0,0,0,0,0,0,0,34,91701,0.00050163029847
623,2011-12-04,48,30,0,0,1,1,0,0,0,0,33,91701,0.0005234403114469
624,2011-12-11,40,29,0,0,2,0,0,0,0,0,23,91701,0.0004362002595391
625,2011-12-18,35,24,0,0,0,1,0,0,0,0,24,91701,0.0003816752270967
626,2011-12-25,43,26,0,0,0,0,0,0,0,0,38,91540,0.0004697400043696
627,2012-01-01,28,17,0,0,0,1,0,0,0,0,16,90583,0.0003091087731693
628,2012-01-08,20,7,0,0,2,0,0,0,0,0,13,90583,0.0002207919808352
629,2012-01-15,27,32,0,0,0,0,0,0,0,0,10,90583,0.0002980691741275
630,2012-01-22,16,18,0,0,1,0,0,0,0,0,9,90583,0.0001766335846682
631,2012-01-29,25,25,0,0,11,0,0,0,0,0,7,90583,0.000275989976044
632,2012-02-05,46,41,0,0,0,1,0,0,0,0,22,90583,0.000507821555921
633,2012-02-12,39,18,0,0,0,0,0,0,0,0,29,90583,0.0004305443626287
634,2012-02-19,71,86,0,0,1,1,0,0,0,0,18,90583,0.0007838115319651
635,2012-02-26,52,63,0,0,1,0,0,0,0,0,11,90583,0.0005740591501716
636,2012-03-04,48,43,0,0,1,0,0,0,0,0,22,90583,0.0005299007540046
637,2012-03-11,47,46,0,0,0,0,0,0,2,0,19,90583,0.0005188611549628
638,2012-03-18,97,108,0,0,3,0,0,0,1,0,23,90583,0.0010708411070509
639,2012-03-25,52,63,0,0,0,1,0,0,1,0,19,90407,0.0005751767009191
640,2012-04-01,38,44,0,0,2,0,0,0,0,0,12,89352,0.0004252842689587
641,2012-04-08,41,46,0,0,1,0,0,0,0,0,21,89352,0.0004588593428238
642,2012-04-15,36,45,0,0,3,0,0,0,0,0,10,89352,0.0004029008863819
643,2012-04-22,48,52,0,0,0,1,0,0,0,0,15,89352,0.0005372011818426
644,2012-04-29,17,10,0,0,1,0,0,0,0,0,8,89352,0.0001902587519025
645,2012-05-06,27,25,0,0,1,0,0,0,0,0,10,89352,0.0003021756647864
646,2012-05-13,56,48,0,0,1,0,0,0,1,0,17,89352,0.0006267347121497
647,2012-05-20,42,36,0,0,0,0,0,0,0,0,19,89352,0.0004700510341122
648,2012-05-27,66,83,0,0,1,0,0,0,0,0,14,89352,0.0007386516250335
649,2012-06-03,39,43,0,0,0,1,0,0,0,0,10,89352,0.0004364759602471
650,2012-06-10,49,44,0,0,8,0,0,0,0,0,21,89352,0.0005483928731309
651,2012-06-17,43,41,0,0,0,2,0,0,0,0,23,89352,0.0004812427254006
652,2012-06-24,24,24,0,0,2,1,0,0,0,0,12,85400,0.0002810304449648
653,2012-07-01,50,45,0,0,3,0,0,0,0,0,20,61686,0.0008105566903349
654,2012-07-08,34,24,0,0,2,1,0,0,0,0,17,61686,0.0005511785494277
655,2012-07-15,17,11,0,0,0,0,0,0,0,0,10,61686,0.0002755892747138
656,2012-07-22,27,13,0,0,0,0,0,0,0,0,21,61686,0.0004377006127808
657,2012-07-29,27,14,0,0,0,0,0,0,0,0,19,61686,0.0004377006127808
658,2012-08-05,30,17,0,0,1,0,0,0,2,0,16,61686,0.0004863340142009
659,2012-08-12,16,10,0,0,1,0,0,0,0,0,9,61686,0.0002593781409071
660,2012-08-19,27,30,0,0,0,1,0,0,0,0,5,61686,0.0004377006127808
661,2012-08-26,25,15,0,0,1,0,0,0,0,0,13,61686,0.0004052783451674
662,2012-09-02,41,32,0,0,0,0,0,0,0,0,22,61686,0.0006646564860746
663,2012-09-09,53,57,0,0,0,0,0,0,0,0,18,61686,0.000859190091755
664,2012-09-16,38,37,0,0,0,0,0,0,0,0,13,61686,0.0006160230846545
665,2012-09-23,25,26,0,0,0,0,0,0,0,0,10,61686,0.0004052783451674
666,2012-09-30,17,11,0,0,1,0,0,0,0,0,9,93111,0.0001825777835057
667,2012-10-07,38,29,0,0,0,0,0,0,0,0,19,93111,0.0004081150454833
668,2012-10-14,35,20,0,0,0,0,0,0,0,0,24,93111,0.0003758954366293
669,2012-10-21,44,40,0,0,3,0,0,0,0,0,15,93111,0.0004725542631912
670,2012-10-28,27,27,1,0,5,0,0,0,1,0,12,93111,0.0002899764796855
671,2012-11-04,29,32,0,0,4,0,0,0,0,0,10,93111,0.0003114562189215
672,2012-11-11,64,42,0,0,5,0,0,0,0,0,43,93111,0.0006873516555509
673,2012-11-18,48,55,0,0,2,1,0,0,0,0,17,93111,0.0005155137416631
674,2012-11-25,24,19,0,0,0,0,0,0,0,0,11,93111,0.0002577568708315
675,2012-12-02,63,43,0,0,1,0,0,0,0,0,47,93111,0.0006766117859329
676,2012-12-09,32,32,0,0,1,0,0,0,0,0,14,93111,0.0003436758277754
677,2012-12-16,21,30,0,0,0,0,0,0,0,0,6,93111,0.0002255372619776
678,2012-12-23,19,7,0,0,0,0,0,0,0,0,13,93111,0.0002040575227416
679,2012-12-30,7,11,0,0,0,0,0,0,0,0,1,92241,7.588816253076181e-05
680,2013-01-06,19,8,0,0,0,0,0,0,0,0,14,92096,0.0002063064628214
681,2013-01-13,41,48,0,0,4,0,0,0,0,0,15,92096,0.0004451876302988
682,2013-01-20,43,28,0,0,0,0,0,0,0,0,28,92096,0.0004669041000694
683,2013-01-27,40,47,0,0,0,0,0,0,0,0,16,92096,0.0004343293954134
684,2013-02-03,22,24,0,0,2,0,0,0,0,0,3,92096,0.0002388811674774
685,2013-02-10,29,23,0,0,0,0,0,0,0,0,17,92096,0.0003148888116747
686,2013-02-17,62,63,0,0,0,3,0,0,0,0,30,92096,0.0006732105628908
687,2013-02-24,44,23,0,0,0,1,0,0,0,0,33,92096,0.0004777623349548
688,2013-03-03,31,24,0,0,1,3,0,0,0,0,13,92096,0.0003366052814454
689,2013-03-10,21,23,0,0,2,0,0,0,0,0,5,92096,0.000228022932592
690,2013-03-17,51,55,0,0,4,0,0,0,0,0,13,92096,0.0005537699791521
691,2013-03-24,32,36,0,0,0,0,0,0,0,0,9,92096,0.0003474635163307
692,2013-03-31,62,64,0,0,0,0,0,0,0,0,21,96846,0.0006401916444664
693,2013-04-07,37,18,0,0,2,0,0,0,0,0,23,96846,0.0003820498523428
694,2013-04-14,42,44,0,0,0,1,0,0,0,0,24,96846,0.0004336782107676
695,2013-04-21,35,29,0,0,7,2,0,0,0,0,13,96846,0.000361398508973
696,2013-04-28,14,8,0,0,0,0,0,0,0,0,7,96846,0.0001445594035892
697,2013-05-05,31,23,0,0,2,0,0,0,0,0,14,96846,0.0003200958222332
698,2013-05-12,37,32,0,0,0,0,0,0,0,0,26,96846,0.0003820498523428
699,2013-05-19,42,30,0,0,0,0,0,0,0,0,15,96846,0.0004336782107676
700,2013-05-26,48,51,0,0,0,0,0,0,0,0,15,96846,0.0004956322408772
701,2013-06-02,29,36,0,0,0,0,0,0,0,0,7,96846,0.0002994444788633
702,2013-06-09,43,39,0,0,4,1,0,0,0,0,17,96846,0.0004440038824525
703,2013-06-16,26,25,0,0,0,0,0,0,0,0,11,96846,0.0002684674638085
704,2013-06-23,39,34,0,0,1,0,0,0,0,0,15,96846,0.0004027011957127
705,2013-06-30,27,20,0,0,0,0,0,0,0,0,14,94524,0.0002856417417798
706,2013-07-07,36,35,0,0,0,0,0,0,1,0,8,94524,0.0003808556557064
707,2013-07-14,31,30,0,0,2,0,0,0,0,0,10,94524,0.0003279590368583
708,2013-07-21,35,34,0,0,0,0,0,0,0,0,14,94524,0.0003702763319368
709,2013-07-28,41,45,0,0,0,1,0,0,0,0,14,94524,0.0004337522745546
710,2013-08-04,22,17,0,0,3,1,0,0,0,0,7,94524,0.0002327451229317
711,2013-08-11,46,30,0,0,0,1,0,0,0,0,25,94524,0.0004866488934027
712,2013-08-18,42,39,0,0,0,1,0,0,0,0,16,94524,0.0004443315983242
713,2013-08-25,35,31,0,0,1,1,0,0,2,0,12,94524,0.0003702763319368
714,2013-09-01,33,43,0,0,0,1,0,0,1,0,9,94524,0.0003491176843976
715,2013-09-08,25,32,1,0,1,0,0,0,0,0,3,94524,0.0002644830942406
716,2013-09-15,6,2,0,0,0,0,0,0,0,0,5,94524,6.347594261774788e-05
717,2013-09-22,36,26,0,0,0,1,0,0,0,0,26,94524,0.0003808556557064
718,2013-09-29,30,24,0,0,1,0,0,0,0,0,14,103689,0.0002893267366837
719,2013-10-06,26,18,0,0,0,0,0,0,1,0,12,105217,0.0002471083570145
720,2013-10-13,22,26,0,0,0,0,0,0,0,0,7,105217,0.0002090916867046
721,2013-10-20,36,17,0,0,0,0,0,0,0,0,24,105217,0.0003421500327893
722,2013-10-27,26,23,0,0,0,0,0,0,0,0,11,105217,0.0002471083570145
723,2013-11-03,16,14,0,0,2,1,0,0,0,0,8,105217,0.0001520666812397
724,2013-11-10,43,46,0,0,9,0,0,0,0,0,13,105217,0.0004086792058317
725,2013-11-17,43,30,0,0,1,0,0,0,1,0,31,105217,0.0004086792058317
726,2013-11-24,34,28,0,0,10,0,0,0,0,0,17,105217,0.0003231416976344
727,2013-12-01,41,48,0,0,3,0,0,0,0,0,19,105217,0.0003896708706767
728,2013-12-08,58,35,0,0,6,0,0,0,1,0,42,105217,0.0005512417194939
729,2013-12-15,22,18,0,0,0,0,0,0,0,0,10,105217,0.0002090916867046
730,2013-12-22,18,16,0,0,1,0,0,0,0,0,2,105217,0.0001710750163946
731,2013-12-29,12,9,0,0,0,0,0,0,0,0,4,106894,0.0001122607442887
732,2014-01-05,14,14,0,0,0,0,0,0,0,0,6,107565,0.0001301538604564
733,2014-01-12,32,22,0,0,0,0,0,0,0,0,23,107565,0.0002974945381862
734,2014-01-19,39,26,0,0,16,0,0,0,0,0,17,107565,0.0003625714684144
735,2014-01-26,26,22,0,0,0,0,0,0,0,0,11,107565,0.0002417143122762
736,2014-02-02,31,20,0,0,0,0,0,0,0,1,18,107565,0.0002881978338678
737,2014-02-09,15,8,0,0,0,0,0,0,0,0,7,107565,0.0001394505647747
738,2014-02-16,24,21,0,0,0,0,0,0,0,0,10,107565,0.0002231209036396
739,2014-02-23,24,13,0,0,7,0,0,0,0,0,20,107565,0.0002231209036396
740,2014-03-02,51,39,0,0,1,0,0,0,0,0,29,107565,0.0004741319202342
741,2014-03-09,40,36,0,0,6,0,0,0,1,0,18,107565,0.0003718681727327
742,2014-03-16,36,34,0,0,0,0,0,0,0,0,19,107565,0.0003346813554594
743,2014-03-23,42,41,0,0,2,0,0,0,0,0,13,107565,0.0003904615813694
744,2014-03-30,33,37,0,0,1,1,0,0,0,0,13,101625,0.0003247232472324
745,2014-04-06,37,34,0,0,0,0,0,0,0,0,32,100635,0.000367665325185
746,2014-04-13,38,27,0,0,1,0,0,0,0,0,24,100635,0.0003776022258657
747,2014-04-20,31,30,0,0,2,1,0,0,1,0,11,100635,0.000308043921101
748,2014-04-27,20,20,0,0,0,0,0,0,0,0,12,100635,0.0001987380136135
749,2014-05-04,32,42,0,0,1,0,0,0,0,0,6,100635,0.0003179808217816
750,2014-05-11,31,29,0,0,0,1,0,0,0,0,21,100635,0.000308043921101
751,2014-05-18,30,34,0,0,2,0,0,0,0,0,9,100635,0.0002981070204203
752,2014-05-25,24,22,0,0,3,0,0,0,0,0,9,100635,0.0002384856163362
753,2014-06-01,44,31,0,0,5,0,0,0,0,0,24,100635,0.0004372236299498
754,2014-06-08,47,30,0,0,2,2,0,0,0,0,26,100635,0.0004670343319918
755,2014-06-15,22,27,0,0,0,0,0,0,0,0,9,100635,0.0002186118149749
756,2014-06-22,20,26,0,0,0,0,0,0,0,0,6,100635,0.0001987380136135
757,2014-06-29,25,27,0,0,0,0,0,0,0,0,9,98739,0.0002531927607125
758,2014-07-06,52,62,0,0,0,3,0,0,0,0,13,98424,0.0005283264244493
759,2014-07-13,56,48,0,0,0,4,0,0,0,0,27,98424,0.0005689669186377
760,2014-07-20,23,21,0,0,1,0,0,0,0,0,10,98424,0.0002336828415833
761,2014-07-27,21,23,0,0,0,2,0,0,0,0,7,98424,0.0002133625944891
762,2014-08-03,9,7,0,0,0,0,0,0,0,0,6,98424,9.1441111923921e-05
763,2014-08-10,17,14,0,0,0,0,0,0,0,0,5,98424,0.0001727221003007
764,2014-08-17,32,42,0,0,0,0,0,0,0,0,10,98424,0.0003251239535072
765,2014-08-24,17,20,0,0,0,0,0,0,0,0,3,98424,0.0001727221003007
766,2014-08-31,14,10,0,0,0,0,0,0,0,0,11,98424,0.0001422417296594
767,2014-09-07,28,9,0,0,1,0,0,0,1,0,12,98424,0.0002844834593188
768,2014-09-14,24,14,0,0,0,0,0,0,1,0,9,98424,0.0002438429651304
769,2014-09-21,54,18,0,0,6,0,0,0,0,0,51,98424,0.0005486466715435
770,2014-09-28,29,28,0,0,2,1,0,0,0,0,10,103419,0.0002804126901246
771,2014-10-05,14,12,0,0,0,0,0,0,0,0,8,105418,0.0001328046443681
772,2014-10-12,30,29,0,0,0,1,0,0,0,0,7,105418,0.0002845813807888
773,2014-10-19,26,23,0,0,7,1,0,0,0,0,10,105418,0.0002466371966836
774,2014-10-26,21,22,0,0,3,0,0,0,0,0,6,105418,0.0001992069665522
775,2014-11-02,36,27,0,0,0,0,0,0,0,0,20,105418,0.0003414976569466
776,2014-11-09,29,26,0,0,1,0,0,0,0,0,15,105418,0.0002750953347625
777,2014-11-16,29,27,0,0,6,0,0,0,0,0,11,105418,0.0002750953347625
778,2014-11-23,28,30,0,0,2,1,0,0,0,0,13,105418,0.0002656092887362
779,2014-11-30,30,13,0,0,0,0,0,0,0,0,16,105418,0.0002845813807888
780,2014-12-07,42,37,1,0,1,0,0,0,0,0,21,105418,0.0003984139331044
781,2014-12-14,25,22,0,0,0,0,0,0,0,0,11,105418,0.0002371511506573
782,2014-12-21,27,26,0,0,0,0,0,0,0,0,15,105418,0.0002561232427099
783,2014-12-28,15,9,0,0,0,0,0,0,0,0,8,104090,0.0001441060620616
784,2015-01-04,18,23,0,0,0,0,0,0,0,0,3,103095,0.0001745962461807
785,2015-01-11,10,8,0,0,0,0,0,0,0,0,4,103095,9.699791454483727e-05
786,2015-01-18,22,25,0,0,0,0,0,0,0,0,7,103095,0.0002133954119986
787,2015-01-25,33,33,0,0,0,0,0,0,0,0,20,103095,0.0003200931179979
788,2015-02-01,31,18,0,0,3,0,0,0,0,0,20,103095,0.0003006935350889
789,2015-02-08,14,15,0,0,0,1,0,0,0,0,11,103095,0.0001357970803627
790,2015-02-15,9,6,0,0,0,0,0,0,1,0,4,103095,8.729812309035356e-05
791,2015-02-22,53,34,0,0,0,0,0,1,0,0,37,103095,0.0005140889470876
792,2015-03-01,21,14,1,0,0,0,0,0,0,0,17,103095,0.0002036956205441
793,2015-03-08,29,23,0,0,2,1,0,0,0,0,17,103095,0.00028129395218
794,2015-03-15,22,20,0,0,2,0,0,0,0,0,11,103095,0.0002133954119986
795,2015-03-22,20,28,0,0,0,1,0,0,0,0,5,103095,0.0001939958290896
796,2015-03-29,27,30,1,0,0,1,0,0,0,0,12,108392,0.0002490958742342
797,2015-04-05,40,30,0,0,0,0,0,1,0,0,29,110512,0.0003619516432604
798,2015-04-12,26,19,0,0,8,1,0,0,0,0,10,110512,0.0002352685681192
799,2015-04-19,39,26,0,0,0,0,0,0,0,0,24,110512,0.0003529028521789
800,2015-04-26,35,50,0,0,1,0,0,0,0,0,8,110512,0.0003167076878529
801,2015-05-03,19,19,0,0,0,0,0,0,0,0,10,110512,0.0001719270305487
802,2015-05-10,18,12,0,0,1,0,0,0,0,0,9,110512,0.0001628782394672
803,2015-05-17,31,31,1,0,0,0,0,0,0,0,10,110512,0.0002805125235268
804,2015-05-24,25,23,0,0,0,0,0,0,0,0,16,110512,0.0002262197770377
805,2015-05-31,38,22,0,0,0,1,0,0,0,0,30,110512,0.0003438540610974
806,2015-06-07,42,16,0,0,0,0,0,0,0,0,28,110512,0.0003800492254234
807,2015-06-14,19,22,0,0,0,0,0,0,0,0,9,110512,0.0001719270305487
808,2015-06-21,25,19,0,0,0,0,0,0,0,0,7,110512,0.0002262197770377
809,2015-06-28,61,48,0,0,1,0,0,0,0,0,36,111995,0.0005446671726416
810,2015-07-05,49,57,0,0,0,0,0,0,0,0,16,112589,0.0004352112550959
811,2015-07-12,35,37,0,0,0,0,0,0,0,0,14,112589,0.0003108651822114
812,2015-07-19,23,30,0,0,0,1,0,0,0,0,10,112589,0.0002042828340246
813,2015-07-26,25,31,0,0,2,0,0,0,0,0,4,112589,0.0002220465587224
814,2015-08-02,26,23,1,0,0,0,0,0,0,0,10,112589,0.0002309284210713
815,2015-08-09,26,26,0,0,0,3,0,0,0,0,9,112589,0.0002309284210713
816,2015-08-16,52,59,0,0,2,3,0,0,0,2,10,112589,0.0004618568421426
817,2015-08-23,31,16,0,0,0,1,0,0,0,0,20,112589,0.0002753377328158
818,2015-08-30,28,25,0,0,0,1,0,0,0,0,15,112589,0.0002486921457691
819,2015-09-06,17,15,0,0,1,0,0,0,0,0,9,112589,0.0001509916599312
820,2015-09-13,32,36,0,0,1,0,0,0,0,0,7,112589,0.0002842195951647
821,2015-09-20,59,37,0,0,1,0,0,0,0,0,51,112589,0.0005240298785849
822,2015-09-27,38,29,0,0,2,0,0,0,0,0,28,107074,0.0003548947456898
823,2015-10-04,17,13,0,0,0,0,0,0,0,0,13,102939,0.0001651463488085
824,2015-10-11,24,22,0,0,1,0,0,0,0,0,13,102939,0.0002331477865532
825,2015-10-18,35,48,0,0,1,0,0,0,0,0,4,102939,0.0003400071887234
826,2015-10-25,21,16,0,0,2,0,0,0,0,0,10,102939,0.000204004313234
827,2015-11-01,104,46,0,0,5,0,0,0,0,0,92,102939,0.0010103070750638
828,2015-11-08,37,20,1,0,0,0,0,0,0,0,23,102939,0.0003594361709361
829,2015-11-15,20,10,0,0,0,0,0,0,0,0,18,102939,0.0001942898221276
830,2015-11-22,38,27,0,0,1,0,0,0,0,0,19,102939,0.0003691506620425
831,2015-11-29,35,20,0,0,0,0,0,0,0,0,31,102939,0.0003400071887234
832,2015-12-06,33,8,0,0,0,0,0,0,0,0,30,102939,0.0003205782065106
833,2015-12-13,40,29,0,0,1,0,0,0,0,0,20,102939,0.0003885796442553
834,2015-12-20,31,28,0,0,0,0,0,0,0,0,18,102939,0.0003011492242978
835,2015-12-27,25,26,0,0,0,0,0,0,0,0,8,102007,0.0002450812199162
836,2016-01-03,20,23,0,0,0,1,0,0,0,0,4,100765,0.0001984816156403
837,2016-01-10,33,42,0,0,1,0,0,0,0,0,8,100765,0.0003274946658065
838,2016-01-17,35,17,0,0,0,2,0,0,0,0,23,100765,0.0003473428273706
839,2016-01-24,17,20,0,0,0,0,0,0,0,0,7,100765,0.0001687093732942
840,2016-01-31,11,7,0,0,0,0,0,0,0,0,8,100765,0.0001091648886021
841,2016-02-07,20,25,0,0,0,0,0,0,0,0,7,100765,0.0001984816156403
842,2016-02-14,37,43,0,0,0,0,0,0,0,0,10,100765,0.0003671909889346
843,2016-02-21,23,22,0,0,2,0,0,0,0,0,6,100765,0.0002282538579864
844,2016-02-28,17,12,0,0,0,0,0,0,0,0,12,100765,0.0001687093732942
845,2016-03-06,35,46,0,0,0,0,0,0,0,0,9,100765,0.0003473428273706
846,2016-03-13,16,17,0,0,0,0,0,0,0,0,5,100765,0.0001587852925122
847,2016-03-20,22,17,0,0,2,1,0,0,0,0,9,100765,0.0002183297772043
848,2016-03-27,32,41,0,0,1,0,0,0,0,0,5,97830,0.00032709802719
849,2016-04-03,11,10,0,0,0,1,0,0,0,0,4,93917,0.0001171246952095
850,2016-04-10,32,14,0,0,0,1,0,0,0,0,31,93917,0.0003407263860642
851,2016-04-17,37,24,0,0,1,2,0,0,0,0,21,93917,0.0003939648838868
852,2016-04-24,22,17,0,0,0,0,0,0,0,0,13,93917,0.0002342493904191
853,2016-05-01,15,14,0,0,0,2,0,0,0,0,7,93917,0.0001597154934676
854,2016-05-08,47,51,0,0,1,0,0,0,0,0,19,93917,0.0005004418795319
855,2016-05-15,45,34,0,0,7,0,0,0,0,0,26,93917,0.0004791464804029
856,2016-05-22,44,55,1,0,1,1,0,0,0,0,17,93917,0.0004684987808383
857,2016-05-29,45,42,0,0,1,0,0,0,0,0,25,93917,0.0004791464804029
858,2016-06-05,24,27,0,0,1,0,0,0,0,0,14,93917,0.0002555447895482
859,2016-06-12,38,39,0,0,0,0,1,0,0,0,23,93917,0.0004046125834513
860,2016-06-19,38,33,0,0,0,0,0,0,0,0,19,93917,0.0004046125834513
861,2016-06-26,54,66,0,0,5,1,1,0,1,0,9,92726,0.0005823609343657
862,2016-07-03,36,52,0,0,3,0,0,0,0,0,11,91139,0.0003950010423638
863,2016-07-10,36,38,0,0,4,0,0,0,0,0,10,91139,0.0003950010423638
864,2016-07-17,35,43,0,0,2,1,0,0,0,0,9,91139,0.000384028791187
865,2016-07-24,35,41,0,0,10,0,0,0,0,0,6,91139,0.000384028791187
866,2016-07-31,26,29,0,0,1,0,0,0,0,0,7,91139,0.0002852785305961
867,2016-08-07,26,27,0,0,0,1,0,0,0,0,12,91139,0.0002852785305961
868,2016-08-14,30,27,0,0,1,0,0,0,0,0,12,91139,0.0003291675353032
869,2016-08-21,32,34,0,0,1,1,0,0,0,0,15,91139,0.0003511120376567
870,2016-08-28,36,52,0,0,1,1,0,0,0,0,9,91139,0.0003950010423638
871,2016-09-04,22,31,0,0,1,1,0,0,0,0,7,91139,0.000241389525889
872,2016-09-11,11,10,0,0,0,0,0,0,0,0,7,91139,0.0001206947629445
873,2016-09-18,16,17,0,0,0,0,0,0,0,0,1,91139,0.0001755560188283
874,2016-09-25,24,22,0,0,0,1,0,0,0,0,8,92580,0.0002592352559948
875,2016-10-02,10,8,0,0,0,0,0,0,0,0,4,96185,0.0001039663149139
876,2016-10-09,22,19,0,0,1,0,0,0,0,0,13,96185,0.0002287258928107
877,2016-10-16,29,27,0,0,1,1,0,0,0,0,16,96185,0.0003015023132505
878,2016-10-23,20,11,0,0,1,1,0,1,0,0,13,96185,0.0002079326298279
879,2016-10-30,15,10,0,0,0,0,0,0,0,0,9,96185,0.0001559494723709
880,2016-11-06,28,16,0,0,0,0,0,0,0,0,19,96185,0.0002911056817591
881,2016-11-13,25,22,0,0,2,0,0,0,0,0,12,96185,0.0002599157872849
882,2016-11-20,32,28,0,0,0,0,0,0,0,0,13,96185,0.0003326922077246
883,2016-11-27,17,7,0,0,0,0,0,0,0,0,13,96185,0.0001767427353537
884,2016-12-04,11,7,0,0,0,0,0,0,0,0,8,96185,0.0001143629464053
885,2016-12-11,35,39,0,0,0,0,0,0,0,0,14,96185,0.0003638821021988
886,2016-12-18,30,23,0,0,1,0,0,0,0,0,18,96185,0.0003118989447419
887,2016-12-25,25,26,0,0,0,0,0,0,0,0,10,96582,0.0002588474042782
888,2017-01-01,12,14,0,0,0,0,0,0,0,0,6,98970,0.0001212488632919
889,2017-01-08,22,24,0,0,0,0,0,0,0,0,13,98970,0.0002222895827018
890,2017-01-15,29,32,0,0,2,0,0,0,0,0,7,98970,0.0002930180862887
891,2017-01-22,12,8,0,0,0,0,0,0,0,0,9,98970,0.0001212488632919
892,2017-01-29,17,19,0,0,0,0,0,0,0,0,12,98970,0.0001717692229968
893,2017-02-05,27,28,0,0,0,0,0,0,0,0,12,98970,0.0002728099424067
894,2017-02-12,28,31,0,0,0,1,0,0,0,0,8,98970,0.0002829140143477
895,2017-02-19,19,20,0,0,0,0,0,0,0,0,15,98970,0.0001919773668788
896,2017-02-26,29,28,0,0,0,0,0,0,0,0,12,98970,0.0002930180862887
897,2017-03-05,33,32,0,0,0,1,0,0,0,0,22,98970,0.0003334343740527
898,2017-03-12,14,13,0,0,0,0,0,0,0,0,9,98970,0.0001414570071738
899,2017-03-19,40,42,0,0,1,1,0,0,0,0,21,98970,0.0004041628776396
900,2017-03-26,51,40,0,0,2,0,0,0,0,0,29,98253,0.0005190681200574
901,2017-04-02,33,34,0,0,5,0,0,0,0,0,13,96460,0.0003421107194692
902,2017-04-09,28,34,0,0,1,0,0,0,0,0,18,96460,0.0002902757619738
903,2017-04-16,39,28,0,0,0,0,0,0,0,0,19,96460,0.0004043126684636
904,2017-04-23,36,39,0,0,2,0,0,0,0,0,12,96460,0.0003732116939664
905,2017-04-30,13,15,0,0,0,0,0,0,0,0,2,96460,0.0001347708894878
906,2017-05-07,21,19,0,1,1,0,0,0,0,0,14,96460,0.0002177068214804
907,2017-05-14,31,21,0,0,0,0,0,0,0,0,23,96460,0.000321376736471
908,2017-05-21,43,44,0,0,2,2,0,0,0,0,14,96460,0.0004457806344598
909,2017-05-28,76,47,0,0,0,0,0,0,0,0,46,96460,0.000787891353929
910,2017-06-04,32,32,0,0,0,1,0,0,0,0,15,96460,0.0003317437279701
911,2017-06-11,39,41,0,0,1,1,0,0,0,0,19,96460,0.0004043126684636
912,2017-06-18,32,37,0,0,1,0,0,1,0,0,15,96460,0.0003317437279701
913,2017-06-25,61,79,0,0,3,0,0,0,0,0,17,96096,0.0006347818847818
914,2017-07-02,45,47,0,0,2,1,0,0,0,0,33,95186,0.0004727585989536
915,2017-07-09,21,22,0,0,0,1,0,0,0,0,11,95186,0.0002206206795116
916,2017-07-16,29,28,0,0,0,1,0,0,0,0,13,95186,0.000304666652659
917,2017-07-23,25,26,0,0,0,0,0,0,1,0,12,95186,0.0002626436660853
918,2017-07-30,29,31,0,0,1,2,0,0,0,0,17,95186,0.000304666652659
919,2017-08-06,35,34,0,0,1,1,0,0,0,0,17,95186,0.0003677011325194
920,2017-08-13,17,15,0,0,1,0,0,0,0,0,13,95186,0.000178597692938
921,2017-08-20,28,29,1,0,1,1,0,0,0,0,7,95186,0.0002941609060155
922,2017-08-27,16,12,0,0,3,0,0,0,0,0,11,95186,0.0001680919462946
923,2017-09-03,28,28,0,0,1,1,0,0,2,0,10,95186,0.0002941609060155
924,2017-09-10,35,30,0,0,0,2,0,0,0,0,10,95186,0.0003677011325194
925,2017-09-17,48,39,0,0,1,0,0,0,0,0,31,95186,0.0005042758388838
926,2017-09-24,20,22,0,0,1,0,0,0,0,0,10,94824,0.000210917067409
927,2017-10-01,7,5,0,0,0,0,0,0,0,0,6,92657,7.554744919434042e-05
928,2017-10-08,23,21,0,0,1,1,0,0,0,0,9,92657,0.0002482273330671
929,2017-10-15,36,36,0,0,0,0,0,0,0,0,20,92657,0.0003885297387137
930,2017-10-22,30,42,0,0,1,2,0,0,0,0,11,92657,0.0003237747822614
931,2017-10-29,26,22,0,0,0,0,0,0,0,0,13,92657,0.0002806048112932
932,2017-11-05,35,32,0,0,1,0,0,0,0,0,15,92657,0.0003777372459717
933,2017-11-12,17,10,0,0,0,0,0,0,0,0,12,92657,0.0001834723766148
934,2017-11-19,32,27,0,0,0,0,0,0,0,0,14,92657,0.0003453597677455
935,2017-11-26,28,22,0,0,1,0,0,0,0,0,20,92657,0.0003021897967773
936,2017-12-03,16,18,0,0,1,0,0,0,0,0,6,92657,0.0001726798838727
937,2017-12-10,29,28,0,0,1,0,0,0,0,0,15,92657,0.0003129822895194
938,2017-12-17,29,23,0,0,1,0,0,0,0,0,22,92657,0.0003129822895194
939,2017-12-24,33,21,0,0,1,0,0,0,0,0,23,92657,0.0003561522604876
940,2017-12-31,28,29,0,0,2,0,0,0,0,0,11,101643,0.0002754739627913
941,2018-01-07,31,29,0,0,0,0,0,0,0,0,17,101643,0.0003049890302332
942,2018-01-14,27,27,0,0,1,0,0,0,0,0,15,101643,0.0002656356069773
943,2018-01-21,18,22,0,0,0,0,0,0,0,0,10,101643,0.0001770904046515
944,2018-01-28,47,65,0,0,0,1,0,0,0,0,17,101643,0.0004624027232568
945,2018-02-04,25,27,0,0,0,0,0,0,0,0,8,101643,0.0002459588953494
946,2018-02-11,15,16,0,0,0,0,0,0,0,0,4,101643,0.0001475753372096
947,2018-02-18,30,35,0,0,1,0,0,0,0,0,16,101643,0.0002951506744192
948,2018-02-25,16,13,0,0,0,0,0,0,0,0,8,101643,0.0001574136930236
949,2018-03-04,30,36,0,0,0,0,0,0,0,0,12,101643,0.0002951506744192
950,2018-03-11,29,32,0,0,6,0,0,0,0,0,10,101643,0.0002853123186053
951,2018-03-18,37,27,0,0,2,0,0,0,0,0,16,101643,0.0003640191651171
952,2018-03-25,15,13,0,0,1,0,0,0,0,0,13,101452,0.0001478531719433
953,2018-04-01,38,38,0,0,1,0,0,0,0,0,16,100304,0.0003788483011644
954,2018-04-08,31,27,0,0,0,0,0,0,0,0,21,100304,0.0003090604562131
955,2018-04-15,38,25,0,0,1,0,0,0,0,0,31,100304,0.0003788483011644
956,2018-04-22,30,21,0,0,0,0,0,0,0,0,21,100304,0.0002990907640772
957,2018-04-29,18,20,0,0,1,0,0,0,0,0,6,100304,0.0001794544584463
958,2018-05-06,33,34,0,0,1,0,0,0,0,0,15,100304,0.0003289998404849
959,2018-05-13,38,40,0,0,0,0,0,0,0,0,9,100304,0.0003788483011644
960,2018-05-20,28,27,0,0,0,0,0,0,1,0,14,100304,0.0002791513798053
961,2018-05-27,28,29,0,0,1,0,0,0,0,0,7,100304,0.0002791513798053
962,2018-06-03,26,22,0,0,0,0,0,0,0,0,15,100304,0.0002592119955335
963,2018-06-10,36,38,0,0,0,0,0,0,0,0,15,100304,0.0003589089168926
964,2018-06-17,42,62,0,0,0,0,0,0,0,0,10,100304,0.000418727069708
965,2018-06-24,49,51,1,0,0,0,0,0,0,0,17,99557,0.0004921803589903
966,2018-07-01,39,54,0,0,0,2,0,0,0,0,8,95075,0.0004102024717328
967,2018-07-08,10,7,0,0,0,0,0,0,0,0,5,95075,0.0001051801209571
968,2018-07-15,20,16,0,2,0,0,0,0,0,0,11,95075,0.0002103602419142
969,2018-07-22,39,26,0,0,0,0,0,0,0,0,21,95075,0.0004102024717328
970,2018-07-29,43,36,0,0,0,0,0,0,0,0,25,95075,0.0004522745201156
971,2018-08-05,48,29,0,0,0,0,0,0,0,0,34,95075,0.0005048645805942
972,2018-08-12,33,31,0,0,0,1,0,0,0,1,11,95075,0.0003470943991585
973,2018-08-19,36,33,0,0,0,0,0,0,0,0,18,95075,0.0003786484354457
974,2018-08-26,35,36,0,0,0,1,0,0,0,0,11,95075,0.0003681304233499
975,2018-09-02,40,33,1,1,0,0,0,0,0,0,20,95075,0.0004207204838285
976,2018-09-09,43,36,0,0,0,0,0,0,0,0,16,95075,0.0004522745201156
977,2018-09-16,20,22,0,0,0,0,0,0,0,0,6,95075,0.0002103602419142
978,2018-09-23,6,7,0,0,0,0,0,0,0,0,3,95075,6.310807257428346e-05
979,2018-09-30,22,11,0,0,0,0,0,0,0,0,16,103696,0.0002121586174972
980,2018-10-07,27,15,0,0,1,0,0,0,0,0,22,103696,0.0002603764851103
981,2018-10-14,42,41,0,0,0,0,0,0,0,0,23,103696,0.0004050300879493
982,2018-10-21,48,40,0,0,11,2,0,0,0,0,14,103696,0.000462891529085
983,2018-10-28,38,40,0,0,0,0,0,0,0,0,19,103696,0.0003664557938589
984,2018-11-04,39,35,0,0,0,0,0,0,0,7,11,103696,0.0003760993673815
985,2018-11-11,22,18,0,0,1,1,0,0,0,0,13,103696,0.0002121586174972
986,2018-11-18,28,20,0,0,0,1,0,0,1,0,15,103696,0.0002700200586329
987,2018-11-25,34,22,0,0,1,0,0,0,0,0,14,103696,0.0003278814997685
988,2018-12-02,41,41,0,0,1,1,0,0,0,0,27,103696,0.0003953865144267
989,2018-12-09,26,28,0,0,2,0,0,0,0,0,11,103696,0.0002507329115877
990,2018-12-16,28,30,1,0,2,0,0,0,0,0,5,103696,0.0002700200586329
991,2018-12-23,28,33,0,0,0,0,0,0,0,0,7,103696,0.0002700200586329
992,2018-12-30,24,28,0,0,2,0,0,0,0,0,6,101135,0.0002373065704256
993,2019-01-06,46,54,0,0,0,0,0,0,0,0,7,100709,0.0004567615605358
994,2019-01-13,37,38,0,0,2,1,0,0,0,0,21,100709,0.000367395168257
995,2019-01-20,33,34,1,0,7,0,0,0,0,0,12,100709,0.0003276767716887
996,2019-01-27,26,23,0,0,5,0,0,0,0,0,9,100709,0.0002581695776941
997,2019-02-03,20,16,0,0,0,0,0,0,0,0,12,100709,0.0001985919828416
998,2019-02-10,25,28,0,0,2,0,0,0,0,0,14,100709,0.000248239978552
999,2019-02-17,26,30,0,0,0,0,0,0,0,0,9,100709,0.0002581695776941
1000,2019-02-24,28,36,0,0,2,0,0,0,0,0,9,100709,0.0002780287759783
1001,2019-03-03,53,57,0,0,10,0,0,0,0,0,27,100709,0.0005262687545303
1002,2019-03-10,36,31,0,0,10,0,0,0,1,0,22,100709,0.0003574655691149
1003,2019-03-17,53,53,0,0,6,0,0,0,0,0,23,100709,0.0005262687545303
1004,2019-03-24,47,57,0,0,1,0,0,0,0,0,16,100709,0.0004666911596778
1005,2019-03-31,54,56,0,0,7,0,0,0,0,0,19,109798,0.000491812237017
1006,2019-04-07,52,46,0,0,0,1,0,0,0,0,28,109798,0.0004735969689793
1007,2019-04-14,31,34,0,0,5,1,0,0,0,0,13,109798,0.0002823366545838
1008,2019-04-21,25,15,0,0,3,0,0,0,0,0,11,109798,0.0002276908504708
1009,2019-04-28,43,36,0,0,0,0,0,0,0,0,15,109798,0.0003916282628098
1010,2019-05-05,39,27,0,0,0,0,0,0,0,0,31,109798,0.0003551977267345
1011,2019-05-12,59,66,0,0,0,1,0,1,0,0,21,109798,0.0005373504071112
1012,2019-05-19,63,30,0,0,0,0,0,0,7,0,26,109798,0.0005737809431865
1013,2019-05-26,38,39,0,0,0,2,0,1,0,0,16,109798,0.0003460900927157
1014,2019-06-02,30,27,0,0,0,1,0,0,0,0,22,109798,0.000273229020565
1015,2019-06-09,34,24,0,0,1,0,1,0,0,0,20,109798,0.0003096595566403
1016,2019-06-16,47,62,0,0,1,1,0,0,0,0,11,109798,0.0004280587988852
1017,2019-06-23,31,50,0,0,0,1,0,0,0,0,3,109798,0.0002823366545838
1018,2019-06-30,26,15,0,0,2,1,0,0,0,0,15,109003,0.0002385255451684
1019,2019-07-07,45,47,0,0,4,1,1,0,0,0,15,109003,0.00041283267433
1020,2019-07-14,30,19,0,0,0,0,1,0,0,0,16,109003,0.0002752217828867
1021,2019-07-21,28,25,0,0,1,0,0,0,0,0,7,109003,0.0002568736640275
1022,2019-07-28,55,32,0,0,0,0,0,0,0,0,30,109003,0.0005045732686256
1023,2019-08-04,33,25,0,0,2,0,1,0,0,0,12,109003,0.0003027439611753
1024,2019-08-11,25,27,0,0,0,2,0,0,0,0,6,109003,0.0002293514857389
1025,2019-08-18,44,21,0,0,4,0,1,0,0,0,19,109003,0.0004036586149005
1026,2019-08-25,46,41,0,0,0,2,0,0,0,0,17,109003,0.0004220067337596
1027,2019-09-01,48,34,1,1,0,0,0,0,0,0,23,109003,0.0004403548526187
1028,2019-09-08,33,33,0,0,0,0,0,0,0,0,14,109003,0.0003027439611753
1029,2019-09-15,57,18,0,0,1,0,5,0,0,0,20,109003,0.0005229213874847
1030,2019-09-22,68,22,0,0,2,0,3,1,0,0,32,109003,0.0006238360412098
1031,2019-09-29,35,23,0,0,0,0,1,0,0,0,16,113158,0.0003093020378585
1032,2019-10-06,46,24,0,0,1,1,0,0,0,0,23,113851,0.0004040368551879
1033,2019-10-13,44,28,0,0,0,0,2,0,0,0,15,113851,0.0003864700353971
1034,2019-10-20,108,65,0,0,0,1,2,0,0,0,34,113851,0.000948608268702
1035,2019-10-27,53,45,0,0,1,1,0,0,0,0,18,113851,0.0004655207244556
1036,2019-11-03,80,62,0,0,3,1,0,0,0,0,31,113851,0.0007026727916311
1037,2019-11-10,37,24,0,0,0,1,0,0,0,0,18,113851,0.0003249861661294
1038,2019-11-17,60,54,0,0,0,0,0,0,0,0,19,113851,0.0005270045937233
1039,2019-11-24,62,34,0,0,0,0,1,0,0,0,19,113851,0.0005445714135141
1040,2019-12-01,40,24,0,0,0,0,0,0,0,0,19,113851,0.0003513363958155
1041,2019-12-08,50,28,1,0,0,0,1,0,0,0,24,113851,0.0004391704947694
1042,2019-12-15,42,18,0,0,1,0,0,0,0,0,16,113851,0.0003689032156063
1043,2019-12-22,36,24,0,0,0,2,0,0,0,0,19,113851,0.000316202756234
1044,2019-12-29,34,21,0,0,1,0,0,0,0,0,13,114404,0.0002971924058599
1045,2020-01-05,41,25,0,0,0,0,0,0,0,0,15,114625,0.0003576881134133
1046,2020-01-12,70,40,0,0,3,1,3,1,0,0,25,114625,0.0006106870229007
1047,2020-01-19,63,16,0,0,0,0,3,0,0,0,28,114625,0.0005496183206106
1048,2020-01-26,54,31,0,0,0,1,1,0,0,0,22,114625,0.0004711014176663
1049,2020-02-02,61,36,0,0,3,0,1,0,0,0,31,114625,0.0005321701199563
1050,2020-02-09,64,41,0,0,1,0,3,0,0,0,32,114625,0.0005583424209378
1051,2020-02-16,48,23,0,0,0,0,1,0,0,0,18,114625,0.0004187568157033
1052,2020-02-23,35,22,0,0,0,0,0,0,0,0,11,114625,0.0003053435114503
1053,2020-03-01,28,21,0,0,0,0,0,0,0,0,8,114625,0.0002442748091603
1054,2020-03-08,22,10,0,0,0,0,0,0,0,0,4,114625,0.0001919302071973
1055,2020-03-15,45,31,0,0,0,0,2,0,0,0,10,114625,0.0003925845147219
1056,2020-03-22,50,32,0,0,0,2,2,0,0,0,14,114625,0.0004362050163576
1057,2020-03-29,36,26,0,0,0,1,0,0,0,0,16,110814,0.0003248686989008
1058,2020-04-05,77,34,0,0,0,0,1,0,0,0,58,109290,0.0007045475340836
1059,2020-04-12,38,13,0,0,0,0,0,0,0,0,14,109290,0.0003476987830542
1060,2020-04-19,92,52,0,0,0,0,0,0,0,0,33,109290,0.0008417970537103
1061,2020-04-26,50,29,0,0,1,0,2,0,0,0,15,109290,0.0004574983987556
1062,2020-05-03,54,25,0,0,2,0,1,0,0,0,26,109290,0.000494098270656
1063,2020-05-10,68,20,0,0,0,0,0,0,0,0,40,109290,0.0006221978223076
1064,2020-05-17,70,37,0,0,2,0,0,0,0,0,41,109290,0.0006404977582578
1065,2020-05-24,62,32,0,0,2,0,0,0,0,0,23,109290,0.0005672980144569
1066,2020-05-31,156,38,0,0,0,0,0,0,0,0,23,109290,0.0014273950041174
1067,2020-06-07,116,73,3,0,0,1,1,0,0,0,36,109290,0.001061396285113
1068,2020-06-14,102,70,1,0,1,2,1,0,0,0,30,109290,0.0009332967334614
1069,2020-06-21,68,66,0,0,0,0,0,0,1,0,16,109290,0.0006221978223076
1070,2020-06-28,64,47,0,0,3,0,0,0,0,0,18,107321,0.0005963418156744
1071,2020-07-05,138,30,0,0,0,0,0,0,0,0,32,106535,0.0012953489463556
1072,2020-07-12,110,49,1,0,0,0,1,0,0,0,32,106535,0.0010325245224574
1073,2020-07-19,89,34,0,0,1,0,0,0,0,0,22,106535,0.0008354062045337
1074,2020-07-26,95,39,0,1,0,0,0,0,0,0,25,106535,0.0008917257239404
1075,2020-08-02,98,39,0,0,6,0,1,1,0,0,31,106535,0.0009198854836438
1076,2020-08-09,126,58,0,0,2,1,3,0,0,0,23,106535,0.0011827099075421
1077,2020-08-16,115,16,0,0,3,0,4,0,0,0,35,106535,0.0010794574552963
1078,2020-08-23,103,39,0,0,0,2,0,0,0,0,12,106535,0.0009668184164828
1079,2020-08-30,111,33,1,2,1,0,2,0,0,0,18,106535,0.0010419111090252
1080,2020-09-06,174,37,0,0,0,0,4,0,0,0,29,106535,0.0016332660627962
1081,2020-09-13,128,56,1,0,1,0,1,0,1,0,33,106535,0.0012014830806777
1082,2020-09-20,153,53,0,0,1,0,1,0,0,0,48,106535,0.0014361477448725
1083,2020-09-27,61,21,0,0,0,0,2,0,0,0,30,107315,0.0005684200717513
1084,2020-10-04,111,41,0,0,3,0,2,0,6,0,23,107902,0.0010287112379751
1085,2020-10-11,147,66,0,0,6,1,0,0,0,0,34,107902,0.0013623473151563
1086,2020-10-18,125,37,0,0,3,0,6,0,0,0,47,107902,0.0011584586013234
1087,2020-10-25,148,67,0,0,0,0,0,0,0,0,35,107902,0.0013716149839669
1088,2020-11-01,104,28,0,0,2,0,3,0,0,0,21,107902,0.000963837556301
1089,2020-11-08,117,24,0,0,0,0,2,0,0,0,35,107902,0.0010843172508387
1090,2020-11-15,149,38,0,0,0,0,3,0,0,0,37,107902,0.0013808826527775
1091,2020-11-22,180,53,0,0,0,0,3,0,0,0,51,107902,0.0016681803859057
1092,2020-11-29,113,31,0,0,3,0,4,1,0,0,45,107902,0.0010472465755963
1093,2020-12-06,133,40,0,0,1,0,4,0,0,0,47,107902,0.0012325999518081
1094,2020-12-13,165,77,0,0,6,0,0,1,0,0,70,107902,0.0015291653537469
1095,2020-12-20,118,22,0,0,2,0,3,0,0,0,31,107902,0.0010935849196493
1096,2020-12-27,130,36,0,0,1,0,1,0,0,0,42,107359,0.0012108905634366
1097,2021-01-03,151,52,0,0,0,0,2,0,0,0,33,106637,0.0014160188302371
1098,2021-01-10,181,57,0,0,1,0,5,0,0,0,38,106637,0.0016973470746551
1099,2021-01-17,178,60,0,0,0,0,1,0,0,0,29,106637,0.0016692142502133
1100,2021-01-24,170,62,0,0,0,0,0,0,0,0,48,106637,0.0015941933850352
1101,2021-01-31,165,58,0,0,0,1,1,0,0,0,57,106637,0.0015473053442988
1102,2021-02-07,97,34,0,0,2,0,2,0,2,0,32,106637,0.0009096279902847
1103,2021-02-14,146,45,0,0,0,0,5,0,1,0,43,106637,0.0013691307895008
1104,2021-02-21,136,28,0,0,0,1,0,0,0,0,39,106637,0.0012753547080281
1105,2021-02-28,197,78,0,1,0,1,2,0,3,0,52,106637,0.0018473888050113
1106,2021-03-07,174,48,0,2,4,0,3,0,0,0,45,106637,0.0016317038176242
1107,2021-03-14,229,78,0,0,1,0,2,0,0,0,68,106637,0.0021474722657239
1108,2021-03-21,217,70,0,0,5,0,8,0,0,0,41,106637,0.0020349409679567
1109,2021-03-28,176,50,0,0,1,0,1,0,0,0,56,104885,0.0016780283167278
1110,2021-04-04,213,74,0,0,0,0,3,0,0,0,63,103573,0.0020565205217576
1111,2021-04-11,209,94,0,0,0,0,4,0,0,0,68,103573,0.0020179004180626
1112,2021-04-18,418,134,0,0,2,1,10,0,0,0,114,103573,0.0040358008361252
1113,2021-04-25,250,74,0,0,0,0,9,0,0,0,88,103573,0.0024137564809361
1114,2021-05-02,121,40,0,0,0,1,0,0,0,0,51,103573,0.001168258136773
1115,2021-05-09,203,48,0,0,0,1,11,0,0,0,64,103573,0.0019599702625201
1116,2021-05-16,143,55,0,0,0,0,1,0,0,0,40,103573,0.0013806687070954
1117,2021-05-23,332,62,0,0,1,1,4,0,0,0,65,103573,0.0032054686066832
1118,2021-05-30,277,70,0,0,1,1,2,0,0,0,77,103573,0.0026744421808772
1119,2021-06-06,214,61,0,0,0,0,5,0,0,0,38,103573,0.0020661755476813
1120,2021-06-13,213,86,0,0,2,2,2,0,0,0,64,103573,0.0020565205217576
1121,2021-06-20,202,63,1,0,0,0,0,0,0,0,51,103573,0.0019503152365964
1122,2021-06-27,230,70,0,0,0,0,8,0,0,0,72,98475,0.0023356181772023
1123,2021-07-04,204,88,0,0,0,3,3,0,0,0,57,94652,0.0021552634915268
1124,2021-07-11,175,55,0,0,0,0,4,0,0,0,79,94652,0.0018488779951823
1125,2021-07-18,204,68,0,0,1,0,10,0,0,0,63,94652,0.0021552634915268
1126,2021-07-25,163,42,1,0,1,0,3,0,0,0,48,94652,0.0017220977897984
1127,2021-08-01,172,35,0,0,0,0,4,0,0,0,60,94652,0.0018171829438363
1128,2021-08-08,209,54,0,0,0,0,11,0,0,0,61,94652,0.0022080885771034
1129,2021-08-15,189,35,0,0,0,0,1,0,0,0,48,94652,0.0019967882347969
1130,2021-08-22,211,41,0,0,2,0,1,0,0,0,74,94652,0.0022292186113341
1131,2021-08-29,231,91,0,0,0,1,2,0,0,0,54,94652,0.0024405189536407
1132,2021-09-05,205,47,0,0,0,0,3,0,0,0,39,94652,0.0021658285086421
1133,2021-09-12,201,60,0,0,1,0,3,0,0,0,72,94652,0.0021235684401808
1134,2021-09-19,124,16,0,0,0,0,1,0,0,0,21,94652,0.0013100621223006
1135,2021-09-26,250,80,0,0,2,0,2,0,0,0,48,96085,0.0026018629338606
1136,2021-10-03,214,44,0,0,0,0,6,0,0,0,36,97995,0.002183784886984
1137,2021-10-10,243,42,0,0,0,1,6,0,0,0,54,97995,0.0024797183529771
1138,2021-10-17,227,42,0,0,0,0,5,0,0,0,53,97995,0.0023164447165671
1139,2021-10-24,281,63,0,0,0,0,8,0,0,0,104,97995,0.0028674932394509
1140,2021-10-31,377,73,0,0,2,1,8,0,0,0,143,97995,0.0038471350579111
1141,2021-11-07,303,70,1,0,3,0,12,0,1,0,60,97995,0.0030919944895147
1142,2021-11-14,226,69,0,0,1,0,3,0,0,0,60,97995,0.0023062401142915
1143,2021-11-21,191,42,0,0,0,0,1,0,0,0,55,97995,0.0019490790346446
1144,2021-11-28,228,47,0,0,4,0,8,0,0,0,47,97995,0.0023266493188427
1145,2021-12-05,231,46,0,0,0,0,0,0,0,0,54,97995,0.0023572631256696
1146,2021-12-12,177,61,0,0,0,0,2,0,0,0,36,97995,0.0018062146027858
1147,2021-12-19,172,36,1,0,0,0,0,0,0,0,36,97995,0.0017551915914077
1148,2021-12-26,145,41,0,0,0,0,0,0,0,0,36,97515,0.0014869507255294
1149,2022-01-02,167,41,0,0,0,0,4,0,0,0,30,96318,0.0017338399883718
1150,2022-01-09,139,63,0,0,0,1,1,0,0,0,32,96318,0.0014431362777466
1151,2022-01-16,193,84,1,0,6,0,1,0,0,0,59,96318,0.0020037791482381
1152,2022-01-23,150,30,0,0,0,0,1,0,0,0,36,96318,0.0015573413069208
1153,2022-01-30,54,10,0,0,0,0,1,0,0,0,26,96318,0.0005606428704914
1154,2022-02-06,166,34,0,0,0,0,4,0,0,0,31,96318,0.0017234577129923
1155,2022-02-13,210,56,0,0,0,0,0,0,0,0,58,96318,0.0021802778296891
1156,2022-02-20,181,24,0,0,0,0,2,0,0,0,62,96318,0.0018791918436844
1157,2022-02-27,119,34,0,0,0,0,1,0,0,0,23,96318,0.0012354907701571
1158,2022-03-06,159,44,0,0,4,0,1,0,0,0,23,96318,0.001650781785336
1159,2022-03-13,161,36,0,0,0,0,2,0,0,0,45,96318,0.001671546336095
1160,2022-03-20,221,89,0,0,7,0,5,0,1,0,35,96318,0.0022944828588633
1161,2022-03-27,194,51,0,0,0,1,5,0,0,0,49,97268,0.0019944894518238
1162,2022-04-03,177,21,0,0,0,0,1,0,0,0,37,98534,0.0017963342602553
1163,2022-04-10,187,51,0,0,0,2,2,0,0,0,43,98534,0.0018978220715692
1164,2022-04-17,251,50,0,0,0,0,7,0,0,0,56,98534,0.0025473440639779
1165,2022-04-24,213,87,1,0,0,2,5,0,0,0,58,98534,0.0021616903809852
1166,2022-05-01,130,31,0,0,0,0,3,0,0,0,19,98534,0.0013193415470801
1167,2022-05-08,162,39,0,0,0,0,1,0,0,0,34,98534,0.0016441025432845
1168,2022-05-15,185,50,0,0,0,0,3,0,0,0,22,98534,0.0018775245093064
1169,2022-05-22,190,45,0,0,1,0,6,0,0,0,24,98534,0.0019282684149633
1170,2022-05-29,171,50,0,0,1,0,3,0,2,0,51,98534,0.001735441573467
1171,2022-06-05,213,59,0,0,3,0,6,0,0,0,39,98534,0.0021616903809852
1172,2022-06-12,188,73,0,0,0,3,3,0,0,0,33,98534,0.0019079708527005
1173,2022-06-19,240,68,0,0,3,1,5,0,0,0,46,98534,0.0024357074715326
1174,2022-06-26,144,52,0,0,2,0,2,0,0,0,44,98824,0.0014571359184003
1175,2022-07-03,199,63,0,0,0,0,4,0,0,0,35,99211,0.0020058259668786
1176,2022-07-10,186,97,0,0,1,3,0,0,0,0,38,99211,0.0018747921097458
1177,2022-07-17,261,70,0,0,1,1,11,0,0,0,36,99211,0.0026307566701273
1178,2022-07-24,208,58,0,0,0,0,7,0,0,0,66,99211,0.0020965417141244
1179,2022-07-31,168,23,0,0,0,0,4,0,0,0,35,99211,0.0016933606152543
1180,2022-08-07,191,44,0,0,0,0,4,0,0,0,39,99211,0.0019251897471046
1181,2022-08-14,183,44,0,0,0,0,3,0,0,0,27,99211,0.0018445535273306
1182,2022-08-21,196,57,0,0,2,0,7,0,0,0,43,99211,0.0019755873844634
1183,2022-08-28,249,62,0,1,1,0,6,0,0,0,53,99211,0.0025098023404662
1184,2022-09-04,185,78,0,0,0,1,6,0,0,0,45,99211,0.0018647125822741
1185,2022-09-11,290,78,0,0,1,0,4,0,0,0,50,99211,0.0029230629668081
1186,2022-09-18,297,42,0,0,1,0,10,0,0,0,51,99211,0.0029936196591103
1187,2022-09-25,211,67,0,0,1,1,3,0,0,0,46,99255,0.0021258374892952
1188,2022-10-02,184,50,0,0,2,0,5,0,0,0,33,99366,0.0018517400318016
1189,2022-10-09,186,34,0,0,0,0,11,0,0,0,44,99366,0.0018718676408429
1190,2022-10-16,209,44,0,0,0,0,4,0,0,0,29,99366,0.0021033351448181
1191,2022-10-23,220,65,0,0,3,0,4,0,0,0,74,99366,0.0022140369945454
1192,2022-10-30,185,54,0,0,0,3,6,0,0,0,51,99366,0.0018618038363222
1193,2022-11-06,259,68,0,0,0,0,11,0,0,0,72,99366,0.0026065253708511
1194,2022-11-13,238,63,0,0,0,0,5,0,0,0,46,99366,0.0023951854759173
1195,2022-11-20,195,41,0,0,0,0,9,0,0,0,54,99366,0.0019624418815288
1196,2022-11-27,233,48,0,0,1,0,7,0,0,0,43,99366,0.002344866453314
1197,2022-12-04,172,43,0,0,1,0,4,0,0,1,37,99366,0.0017309743775536
1198,2022-12-11,216,71,0,0,2,1,7,0,0,0,56,99366,0.0021737817764627
1199,2022-12-18,139,34,0,0,0,0,6,0,0,0,34,99366,0.0013988688283718
1200,2022-12-25,194,33,0,0,1,0,3,0,0,0,51,99324,0.0019532036567194
1201,2023-01-01,62,14,0,0,0,0,0,0,0,0,8,99083,0.0006257380176215
1202,2023-01-08,52,12,0,0,1,0,4,0,0,0,12,99083,0.0005248125309084
1203,2023-01-15,50,18,0,0,0,0,2,0,0,0,13,99083,0.0005046274335657
1204,2023-01-22,41,27,0,0,0,0,1,0,0,0,7,99083,0.0004137944955239
1205,2023-01-29,82,53,0,0,0,0,1,0,0,0,10,99083,0.0008275889910479
1206,2023-02-05,61,24,0,0,5,1,3,0,0,0,9,99083,0.0006156454689502
1207,2023-02-12,152,41,0,0,1,1,3,0,0,0,19,99083,0.00153406739804
1208,2023-02-19,130,36,0,0,0,1,1,0,0,0,35,99083,0.001312031327271
1209,2023-02-26,151,51,0,0,1,0,0,0,0,0,29,99083,0.0015239748493687
1210,2023-03-05,173,37,0,0,0,0,2,0,0,0,29,99083,0.0017460109201376
1211,2023-03-12,167,51,0,0,0,0,7,0,0,0,25,99083,0.0016854556281097
1212,2023-03-19,290,79,0,0,1,1,5,0,0,0,62,99083,0.0029268391146816
1213,2023-03-26,217,57,0,0,1,2,10,0,0,0,30,100020,0.0021695660867826
1214,2023-04-02,179,39,0,0,3,1,7,0,0,0,20,102363,0.0017486787218037
1215,2023-04-09,239,64,0,0,1,0,4,0,0,0,48,102363,0.0023348280140285
1216,2023-04-16,337,118,0,0,0,1,7,0,0,0,62,102363,0.0032922051913288
1217,2023-04-23,275,63,0,0,0,0,3,0,0,0,38,102363,0.0026865175893633
1218,2023-04-30,146,44,0,0,0,0,2,1,0,0,22,102363,0.0014262966110801
1219,2023-05-07,199,28,1,0,4,0,10,0,0,0,22,102363,0.001944061819212
1220,2023-05-14,236,65,0,0,0,0,5,0,0,0,26,102363,0.0023055205494172
1221,2023-05-21,276,65,0,0,7,0,2,0,0,0,36,102363,0.0026962867442337
1222,2023-05-28,218,86,0,0,0,0,5,0,0,0,33,102363,0.0021296757617498
1223,2023-06-04,274,91,0,0,1,2,10,0,0,0,38,102363,0.0026767484344929
1224,2023-06-11,215,83,0,0,0,2,4,0,0,0,36,102363,0.0021003682971386
1225,2023-06-18,232,65,0,0,2,1,8,0,0,0,36,102363,0.0022664439299356
1226,2023-06-25,244,48,0,0,2,0,7,0,0,0,45,102750,0.0023746958637469
1227,2023-07-02,221,43,0,0,0,0,6,0,0,0,34,103717,0.0021307982297983
1228,2023-07-09,228,53,0,0,1,0,13,0,0,0,39,103717,0.0021982895764435
1229,2023-07-16,195,33,0,0,0,0,7,0,0,0,21,103717,0.0018801160851162
1230,2023-07-23,218,69,0,0,1,0,9,0,0,0,48,103717,0.0021018733669504
1231,2023-07-30,210,59,0,0,0,1,6,0,0,0,33,103717,0.0020247403993559
1232,2023-08-06,147,51,0,0,0,0,6,0,0,0,26,103717,0.0014173182795491
1233,2023-08-13,259,25,0,0,0,1,17,0,0,0,20,103717,0.0024971798258723
1234,2023-08-20,224,112,1,0,0,0,3,0,0,0,34,103717,0.0021597230926463
1235,2023-08-27,290,31,0,0,0,0,12,0,0,0,70,103717,0.002796070075301
1236,2023-09-03,268,75,1,0,0,1,7,0,0,0,56,103717,0.0025839544144161
1237,2023-09-10,274,78,0,0,0,0,6,0,0,0,30,103717,0.002641804140112
1238,2023-09-17,345,99,1,0,3,0,10,0,0,0,28,103717,0.0033263592275133
1239,2023-09-24,111,24,0,0,0,0,4,0,0,0,15,103930,0.0010680265563359
1240,2023-10-01,204,59,0,0,1,0,8,0,0,0,47,105214,0.0019389054688539
1241,2023-10-08,218,58,0,0,0,1,6,0,0,0,20,105214,0.0020719676088733
1242,2023-10-15,241,43,0,0,1,2,8,0,0,0,19,105214,0.002290569696048
1243,2023-10-22,251,60,0,0,1,0,11,0,0,0,39,105214,0.0023856140817761
1244,2023-10-29,215,48,0,0,0,0,19,0,0,0,24,105214,0.0020434542931549
1245,2023-11-05,241,42,0,0,0,0,8,0,0,1,36,105214,0.002290569696048
1246,2023-11-12,262,37,0,0,0,1,2,0,0,0,49,105214,0.0024901629060771
1247,2023-11-19,283,53,0,0,1,0,2,0,0,0,38,105214,0.0026897561161062
1248,2023-11-26,247,48,0,0,1,0,7,0,0,0,44,105214,0.0023475963274849
1249,2023-12-03,254,67,0,0,0,0,4,0,0,0,32,105214,0.0024141273974946
1250,2023-12-10,234,58,0,0,0,0,8,0,0,0,47,105214,0.0022240386260383
1251,2023-12-17,193,52,0,0,0,2,1,0,0,0,32,105214,0.001834356644553
1252,2023-12-24,147,32,0,0,1,0,4,0,0,0,33,105214,0.0013971524702035
1253,2023-12-31,147,24,0,0,0,0,3,1,0,0,25,105752,0.0013900446327256
1254,2024-01-07,203,81,0,0,0,0,6,0,0,0,40,105752,0.0019195854451925
1255,2024-01-14,273,152,0,0,0,2,9,0,0,0,30,105752,0.0025815114607761
1256,2024-01-21,190,112,0,0,1,0,5,0,0,0,19,105752,0.0017966563280127
1257,2024-01-28,180,82,0,1,1,2,0,0,0,0,30,105752,0.0017020954686436
1258,2024-02-04,113,46,0,0,0,0,2,1,0,0,32,105752,0.0010685377108707
1259,2024-02-11,174,98,0,0,0,1,5,0,0,0,24,105752,0.0016453589530221
1260,2024-02-18,167,49,0,0,0,0,4,0,0,0,28,105752,0.0015791663514638
1261,2024-02-25,150,43,0,0,1,1,3,0,0,0,20,105752,0.0014184128905363
1262,2024-03-03,195,48,1,0,0,0,2,0,0,0,35,105752,0.0018439367576972
1263,2024-03-10,184,84,0,0,0,1,4,0,0,0,35,105752,0.0017399198123912
1264,2024-03-17,242,84,0,0,1,0,2,0,0,0,24,105752,0.0022883727967319
1265,2024-03-24,252,56,0,0,0,1,11,0,0,0,40,105752,0.002382933656101
1266,2024-03-31,186,44,0,0,0,4,4,0,0,0,19,102093,0.0018218682965531
1267,2024-04-07,188,41,0,0,0,1,4,0,0,0,11,102093,0.0018414582782365
1268,2024-04-14,286,53,0,0,0,1,9,0,0,0,56,102093,0.0028013673807214
1269,2024-04-21,343,120,1,0,0,0,2,0,0,0,30,102093,0.0033596818586974
1270,2024-04-28,180,36,0,0,0,0,2,0,0,0,23,102093,0.001763098351503
1271,2024-05-05,190,55,0,0,0,1,5,0,0,0,46,102093,0.0018610482599198
1272,2024-05-12,169,26,0,0,1,2,7,0,0,0,15,102093,0.0016553534522445
1273,2024-05-19,246,45,0,0,1,0,4,0,0,0,37,102093,0.0024095677470541
1274,2024-05-26,306,50,0,0,0,0,7,0,0,0,50,102093,0.0029972671975551
1275,2024-06-02,380,72,0,0,4,0,6,0,0,0,58,102093,0.0037220965198397
1276,2024-06-09,250,63,0,0,0,1,5,0,1,0,59,102093,0.0024487477104208
1277,2024-06-16,247,92,0,0,0,2,1,0,0,0,26,102093,0.0024193627378958
1278,2024-06-23,267,96,0,0,1,3,7,0,0,0,50,102093,0.0026152625547295
1279,2024-06-30,234,39,0,0,0,0,3,0,0,0,31,108833,0.0021500831549254
1280,2024-07-07,235,63,0,0,1,0,10,1,0,0,18,108833,0.0021592715444763
1281,2024-07-14,266,60,0,0,0,1,5,0,0,0,42,108833,0.0024441116205562
1282,2024-07-21,299,44,1,0,0,0,4,0,0,0,42,108833,0.002747328475738
1283,2024-07-28,308,47,0,0,0,1,4,0,0,0,20,108833,0.0028300239816967
1284,2024-08-04,279,59,0,0,1,1,11,0,0,0,34,108833,0.0025635606847187
1285,2024-08-11,199,27,0,0,0,1,8,0,0,0,25,108833,0.0018284895206417
1286,2024-08-18,281,61,0,0,1,1,1,0,0,0,54,108833,0.0025819374638207
1287,2024-08-25,380,46,0,0,0,0,14,0,0,0,18,108833,0.003491588029366
1288,2024-09-01,328,69,0,0,1,1,6,0,0,0,27,108833,0.0030137917727159
1289,2024-09-08,232,43,0,0,0,0,7,0,0,0,44,108833,0.0021317063758235
1290,2024-09-15,133,20,0,0,1,0,5,0,0,0,19,108833,0.0012220558102781
1291,2024-09-22,316,62,0,0,0,0,9,0,0,2,27,108833,0.0029035310981044
1292,2024-09-29,138,29,0,0,0,5,3,0,0,0,17,110586,0.0012478975638869
1293,2024-10-06,263,59,0,0,1,1,4,0,0,0,35,110879,0.0023719550140242
1294,2024-10-13,252,81,0,0,1,0,5,0,0,0,22,110879,0.0022727477700917
1295,2024-10-20,278,53,0,0,0,1,8,0,0,0,72,110879,0.0025072376193868
1296,2024-10-27,155,52,0,0,0,0,6,1,0,0,25,110879,0.0013979202554135
1297,2024-11-03,0,0,0,0,0,0,0,0,0,0,0,110879,0.0
