datetime,TotalPopulation,BusanPopulation,ChungcheongbukPopulation,ChungcheongnamPopulation,DaeguPopulation,DaejeonPopulation,GangwonPopulation,GwanguPopulation,GyeonggiPopulation,GyeongsangbukPopulation,GyeongsangnamPopulation,InchenPopulation,JejuPopulation,JeollanamPopulation,JeonbukPopulation,SeoulPopulation,UlsanPopulation
2002-01-01,48229948.0,3730125.0,1492713.0,1907725.0,2525803.0,1419573.0,1538720.0,1397452.0,9927473.0,2756744.0,3124418.0,2577989.0,550831.0,2054204.0,1953846.0,10207295.0,1065037.0
2002-02-01,48237847.24319315,3730735.9308787943,1492957.480939614,1908037.4528295293,2526216.683468101,1419805.5018546034,1538972.0161018246,1397680.878811952,9929098.95082044,2757195.5076665073,3124929.7263991046,2578411.230645164,550921.2167264896,2054540.4435923574,1954166.0066629963,10208966.780893257,1065211.4349024117
2002-03-01,48245747.78014766,3731346.9618176506,1493202.0019210377,1908349.9568335048,2526630.4346905015,1420038.0417890467,1539224.07347959,1397909.7951103514,9930725.167943904,2757647.089282273,3125441.536610269,2578833.530444509,551011.448228941,2054876.9422884395,1954486.065737628,10210638.835595723,1065385.8983742865
2002-04-01,48253649.61107541,3731958.0928329565,1493446.562950829,1908662.512020308,2527044.2536782976,1420270.6198095663,1539476.172140056,1398138.7489013372,9932351.651414005,2758098.744859407,3125953.4306472195,2579255.8994093603,551101.6945097739,2055213.4960972702,1954806.177232479,10212311.164152239,1065560.3904203032
2002-05-01,48261552.73618836,3732569.323941104,1493691.1640355478,1908975.1183983225,2527458.1404425893,1420503.2359224008,1539728.3120899852,1398367.740191051,9933978.401274372,2758550.4744100254,3126465.4085236867,2579678.337551048,551191.9555714091,2055550.1050278775,1955126.3411561358,10213983.766607665,1065734.9110451424
2002-06-01,48269457.15569845,3733180.6551584853,1493935.8051817534,1909287.7759759314,2527872.094994475,1420735.890133788,1539980.4933361388,1398596.7689856333,9935605.417568626,2759002.277946241,3126977.4702534,2580100.8448809003,551282.2314162671,2055886.769089288,1955446.557517184,10215656.643006852,1065909.460253484
2002-07-01,48277362.86981769,3733792.0865014973,1494180.486396008,1909600.484761521,2528286.1173450598,1420968.582449969,1540232.715885281,1398825.8352912276,9937232.700340413,2759454.155480174,3127489.6158500947,2580523.42141025,551372.5220467695,2056223.4882905323,1955766.8263242128,10217329.793394672,1066084.0380500103
2002-08-01,48285269.878758125,3734403.617986539,1494425.207684874,1909913.2447634784,2528700.2075054464,1421201.3128771838,1540484.9797441766,1399054.9391139774,9938860.249633372,2759906.1070239423,3128001.845327507,2580946.0671504303,551462.8274653378,2056560.2626406408,1956087.147585812,10219003.217816,1066258.6444394034
2002-09-01,48293178.182731815,3735015.249630012,1494669.9690549148,1910226.055990192,2529114.365486742,1421434.081421675,1540737.2849195919,1399284.0804600273,9940488.065491159,2760358.132589669,3128514.158699374,2581368.7821127777,551553.1476743941,2056897.0921486462,1956407.521310573,10220676.91631572,1066433.279426346
2002-10-01,48301087.781950854,3735626.9814483197,1494914.7705126947,1910538.9184500508,2529528.591300053,1421666.8880896848,1540989.6314182924,1399513.2593355228,9942116.147957426,2760810.232189475,3129026.5559794367,2581791.5663086283,551643.4826763605,2057233.976823582,1956727.9475070871,10222350.888938716,1066607.943015522
2002-11-01,48308998.6766274,3736238.81345787,1495159.61206478,1910851.8321514467,2529942.8849564902,1421899.7328874578,1541242.0192470476,1399742.475746611,9943744.497075846,2761262.405835489,3129539.037181438,2582214.4197493223,551733.8324736602,2057570.9166744843,1957048.4261839497,10224025.135729888,1066782.635211616
2002-12-01,48316910.866973616,3736850.7456750725,1495404.4937177373,1911164.797102772,2530357.246467165,1422132.615821239,1541494.4484126263,1399971.7296994394,9945373.11289009,2761714.6535398364,3130051.6023191228,2582637.3424462005,551824.1970687164,2057907.9117103894,1957368.9573497558,10225699.65673414,1066957.3560193137
2003-01-01,48386823.0,3691445.0,1489635.0,1912803.0,2529544.0,1432296.0,1527034.0,1395762.0,10206851.0,2720832.0,3139017.0,2570194.0,552297.0,2017730.0,1954430.0,10174086.0,1072867.0
2003-02-01,48394747.93664353,3692049.595754263,1489878.976815692,1913116.2845193527,2529958.2961801197,1432530.5856650844,1527284.1021342631,1395990.6020187654,10208522.708173627,2721277.6258931835,3139531.1174664013,2570614.9539570636,552387.4568322953,2018060.4697730155,1954750.1023122394,10175752.341825249,1073042.7173229153
2003-03-01,48402674.17125657,3692654.290531003,1490122.9935906266,1913429.6203493683,2530372.6602148903,1432765.2097513014,1527534.245230992,1396219.241478644,10210194.690144552,2721723.324772291,3140045.3191364785,2571035.976859208,552477.9284798775,2018390.9936713458,1955070.2570517801,10177418.95656888,1073218.4634253322
2003-04-01,48410601.704051696,3693259.084346437,1490367.0503313483,1913743.0074984503,2530787.0921154246,1432999.8722649433,1527784.4292968952,1396447.918385768,10211866.945957616,2722169.096649275,3140559.6050240216,2571457.068717726,552568.414945173,2018721.5717038547,1955390.4642272082,10179085.844275588,1073394.238311964
2003-05-01,48418530.535241544,3693863.9772167876,1490611.1470444037,1914056.4459750052,2531201.591892839,1433234.5732123046,1528034.654338683,1396676.6327462709,10213539.475657674,2722614.941536094,3141073.975142826,2571878.2295439113,552658.916230609,2019052.20387941,1955710.7238471129,10180753.004990088,1073570.041987526
2003-06-01,48426460.66503875,3694468.969158276,1490855.2837363386,1914369.9357874377,2531616.1595582496,1433469.312599679,1528284.9203630663,1396905.384566286,10215212.279289579,2723060.8594447025,3141588.4295066847,2572299.4593490586,552749.4323386123,2019382.8902068778,1956031.0359200826,10182420.438757084,1073745.8744567323
2003-07-01,48434392.09365601,3695074.0601871302,1491099.4604137014,1914683.476944157,2532030.7951227757,1433704.090433363,1528535.2273767574,1397134.1738519494,10216885.356898198,2723506.8503870624,3142102.968129398,2572720.7581444667,552839.9632716109,2019713.6306951286,1956351.400454709,10184088.145621305,1073921.7357242992
2003-08-01,48442324.821306065,3695679.2503195787,1491343.6770830408,1914997.0694535722,2532445.498597538,1433938.9067196536,1528785.57538647,1397363.0006093972,10218558.708528407,2723952.914375135,3142617.591024765,2573142.125941435,552930.5090320328,2020044.4253530323,1956671.8174595842,10185756.125627477,1074097.6257949437
2003-09-01,48450258.84820166,3696284.5395718534,1491587.9337509074,1915310.713324094,2532860.2699936596,1434173.7614648484,1529035.9643989184,1397591.8648447667,10220232.334225083,2724399.051420884,3143132.2982065887,2573563.5627512643,553021.0696223067,2020375.2741894613,1956992.286943302,10187424.378820337,1074273.5446733828
2003-10-01,48458194.17455558,3696889.9279601867,1491832.2304238512,1915624.408564134,2533275.1093222634,1434408.6546752462,1529286.394420818,1397820.7665641955,10221906.234033111,2724845.261536274,3143647.0896886727,2573985.068585257,553111.6450448611,2020706.1772132886,1957312.8089144572,10189092.905244626,1074449.4923643349
2003-11-01,48466130.80058067,3697495.4155008174,1492076.567108425,1915938.1551821062,2533690.016594477,1434643.586357147,1529536.8654588854,1398049.7057738234,10223580.407997392,2725291.544733274,3144161.965484825,2574406.64345472,553202.2353021256,2021037.1344333896,1957633.3833816466,10190761.704945097,1074625.468872519
2003-12-01,48474068.7264898,3698101.002209984,1492320.9438111824,1916251.9531864256,2534104.9918214283,1434878.5565168522,1529787.3775198387,1398278.682479791,10225254.856162826,2725737.9010238526,3144676.9256088547,2574828.287370959,553292.8403965298,2021368.1458586412,1957954.0103534686,10192430.777966507,1074801.4742026548
2004-01-01,48583805.0,3666345.0,1488945.0,1953406.0,2524712.0,1443471.0,1521375.0,1401172.0,10462920.0,2695917.0,3143814.0,2578817.0,555362.0,1986192.0,1906742.0,10173162.0,1081453.0
2004-02-01,48591762.198936716,3666945.484802202,1489188.8638054559,1953725.9345984978,2525125.504780902,1443707.415939558,1521624.1752865454,1401401.4880845286,10464633.647910018,2696358.545240968,3144328.9031332154,2579239.366257447,555452.958827039,1986517.304386318,1907054.2918308887,10174828.190489803,1081630.1235633295
2004-03-01,48599720.701126955,3667546.0679535763,1489432.7675516456,1954045.9215968284,2525539.0772868376,1443943.8706000163,1521873.3913837548,1401631.0137552926,10466347.576486347,2696800.162799519,3144843.8905987856,2579661.8016912863,555543.9325515832,1986842.6620519483,1907366.6348098551,10176494.653873201,1081807.276136479
2004-04-01,48607680.506784156,3668146.749470231,1489676.71124511,1954365.9610035734,2525952.7175288973,1444180.3639877164,1522122.6482983115,1401860.5770184482,10468061.785774954,2697241.8526874958,3145358.9624105217,2580084.3063128465,555634.9211760722,1987168.0730056164,1907679.0289452758,10178161.390194887,1081984.4577241994
2004-05-01,48615641.61612183,3668747.529368278,1489920.694892393,1954686.0528273173,2526366.425518178,1444416.8961090015,1522371.9460369016,1402090.1778801528,10469776.275821818,2697683.6149167465,3145874.1185822403,2580506.880133461,555725.9247029468,1987493.5372560516,1907991.4742455303,10179828.39949957,1082161.6683312433
2004-06-01,48623604.02935346,3669348.407663828,1490164.718500037,1955006.1970766438,2526780.2012657723,1444653.466970215,1522621.2846062104,1402319.8163465634,10471491.046672918,2698125.449499118,3146389.3591277553,2580929.5231644623,555816.9431346474,1987819.0548119813,1908303.9707189975,10181495.68183195,1082338.907962363
2004-07-01,48631567.746692635,3669949.384372999,1490408.782074588,1955326.3937601405,2527194.04478278,1444890.0765777025,1522870.664012926,1402549.4924238399,10473206.09837425,2698567.3564464613,3146904.6840608874,2581352.2354171863,555907.9764736154,1988144.6256821372,1908616.5183740593,10183163.237236753,1082516.1766223125
2004-08-01,48639532.76835294,3670550.4595119082,1490652.885622591,1955646.6428863946,2527607.9560803003,1445126.7249378096,1523120.0842637366,1402779.206118142,10474921.430971809,2699009.3357706284,3147420.093395458,2581775.01690297,555999.0247222922,1988470.2498752507,1908929.1172190984,10184831.065758701,1082693.4743158463
2004-09-01,48647499.094547994,3671151.633096678,1490897.0291505938,1955966.9444639962,2528021.9351694346,1445363.4120568838,1523369.5453653322,1403008.957435631,10476637.044511603,2699451.387483474,3147935.5871452903,2582197.867633154,556090.0878831199,1988795.9274000558,1909241.7672624988,10186499.167442527,1082870.8010477198
2004-10-01,48655466.72549144,3671752.9051434305,1491141.2126651434,1956287.2985015344,2528435.9820612846,1445600.137941272,1523619.0473244025,1403238.7463824684,10478352.939039644,2699893.5115968524,3148451.1653242097,2582620.7876190776,556181.1659585407,1989121.6582652861,1909554.4685126455,10188167.542332964,1083048.1568226882
2004-11-01,48663435.66139701,3672354.2756682937,1491385.43617279,1956607.7050076027,2528850.096766957,1445836.9025973245,1523868.5901476403,1403468.5729648178,10480069.114601955,2700335.708122623,3148966.8279460445,2583043.7768720845,556272.2589509975,1989447.4424796791,1909867.220977926,10189836.190474767,1083225.541645509
2004-12-01,48671405.90247842,3672955.744687396,1491629.6996800832,1956928.163990794,2529264.279297558,1446073.706031391,1524118.1738417381,1403698.4371888428,10481785.571244564,2700777.977072646,3149482.5750246258,2583466.8354035197,556363.3668629334,1989773.2800519723,1910180.024666728,10191505.111912686,1083402.9555209393
2005-01-01,48782274.0,3638293.0,1488803.0,1962646.0,2511306.0,1454638.0,1513110.0,1401745.0,10697215.0,2688491.0,3160431.0,2600495.0,557569.0,1967205.0,1885335.0,10167344.0,1087648.0
2005-02-01,48790263.70477515,3638888.89036287,1489046.840548277,1962967.4479529618,2511717.3091066657,1454876.244903768,1513357.8216204583,1401974.5819321591,10698967.02143644,2688931.3289887765,3160948.6247145063,2600920.9167442513,557660.320296011,1967527.1946394339,1885643.7857292641,10169009.237600597,1087826.1381987089
2005-03-01,48798254.71812772,3639484.8783224225,1489290.7210334784,1963288.948553618,2512128.6855787504,1455114.5288279892,1513605.683829873,1402204.2014659247,10700719.329824122,2689371.7300959346,3161466.334207116,2601346.9032464037,557751.6555487298,1967849.4420488568,1885952.6220323662,10170674.74793872,1088004.3055734176
2005-04-01,48806247.040272035,3640080.9638946406,1489534.6414621451,1963610.501810591,2512540.1294272873,1455352.8517790546,1513853.5866348916,1402433.858607455,10702471.925210038,2689812.2033332842,3161984.1284917137,2601772.9595178817,557843.0057606056,1968171.7422369106,1886261.508917589,10172340.53105904,1088182.5021289045
2005-05-01,48814240.67142246,3640677.1470955135,1489778.6018408197,1963932.1077325055,2512951.6406633123,1455591.2137633564,1514101.5300421633,1402663.5533629095,10704224.807641203,2690252.7487126417,3162502.0075821877,2602199.085570114,557934.3709340887,1968494.095212241,1886570.446393218,10174006.587006237,1088360.727869949
2005-06-01,48822235.61179337,3641273.427941029,1490022.6021760446,1964253.7663279865,2513363.219297861,1455829.6147872868,1514349.5140583373,1402893.2857384486,10705977.977164619,2690693.3662458207,3163019.9714924265,2602625.2814145274,558025.7510716293,1968816.500983492,1886879.4344675373,10175672.91582499,1088538.9828013314
2005-07-01,48830231.86159921,3641869.8064471814,1490266.6424743645,1964575.4776056614,2513774.8653419735,1456068.0548572408,1514597.5386900655,1403123.0557402342,10707731.433827315,2691134.0559446393,3163538.0202363227,2603051.5470625544,558117.1461756787,1969138.9595593119,1887188.4731488356,10177339.517559996,1088717.2669278323
2005-08-01,48838229.42105443,3642466.2826299653,1490510.7227423245,1964897.2415741587,2514186.5788066895,1456306.5339796129,1514845.6039439996,1403352.8633744288,10709485.177676318,2691574.817820917,3164056.153827771,2603477.882525627,558208.5562486878,1969461.4709483488,1887497.562445401,10179006.39225595,1088895.5802542337
2005-09-01,48846228.29037356,3643062.8565053786,1490754.8429864713,1965219.0582421084,2514598.3597030523,1456545.0521607993,1515093.7098267933,1403582.708647196,10711239.208758663,2692015.6518864757,3164574.3722806685,2603904.28781518,558299.9812931084,1969784.0351592528,1887806.7023655237,10180673.539957562,1089073.9227853178
2005-10-01,48854228.46977108,3643659.528089421,1490999.0032133514,1965540.927618141,2515010.2080421043,1456783.609407197,1515341.8563451,1403812.5915646995,10712993.527121393,2692456.558153138,3165092.6756089125,2604330.762942649,558391.4213113926,1970106.6522006746,1888115.892917494,10182340.960709542,1089252.2945258676
2005-11-01,48862229.9594616,3644256.2973980964,1491243.2034295143,1965862.8497108903,2515422.1238348926,1457022.2057252047,1515590.0435055762,1404042.512133106,10714748.132811561,2692897.53663273,3165611.063826405,2604757.307919473,558482.8763059927,1970429.3220812678,1888425.1341096058,10184008.654556615,1089430.6954806675
2005-12-01,48870232.759659715,3644853.16444741,1491487.4436415092,1966184.8245289898,2515834.1070924657,1457260.8411212214,1515838.2713148778,1404272.4703585817,10716503.02587623,2693338.587337079,3166129.53694705,2605183.922757092,558574.3462793618,1970752.0448096863,1888734.4259501526,10185676.621543506,1089609.1256545025
2006-01-01,48991779.0,3611992.0,1494559.0,1974433.0,2496115.0,1466158.0,1505420.0,1407798.0,10906033.0,2688577.0,3172857.0,2624391.0,558496.0,1942925.0,1868365.0,10181166.0,1092494.0
2006-02-01,48999803.018122226,3612583.582707485,1494803.7832829407,1974756.3784626012,2496523.8210798623,1466398.1316833594,1505666.5621295678,1408028.5733103594,10907819.222264629,2689017.3430741103,3173376.659881451,2624820.8305016397,558587.4721228064,1943243.217989392,1868671.0063325916,10182833.50140854,1092672.9318908877
2006-03-01,49007828.35044181,3613175.262306132,1495048.6066572103,1975079.8098890814,2496932.7091176477,1466638.3026961947,1505913.164641809,1408259.1843846962,10909605.737082012,2689457.758268909,3173896.4048743313,2625250.731402188,558678.9592271869,1943561.4880974656,1868977.0627838033,10184501.275925381,1092851.8930877685
2006-04-01,49015854.997174,3613767.038811808,1495293.4701293737,1975403.2942881144,2497341.6641243217,1466878.5130449466,1506159.8075433369,1408489.8332291949,10911392.54450006,2689898.2455962067,3174416.2349925796,2625680.7027131733,558770.4613155953,1943879.810332756,1869283.1693618435,10186169.323595252,1093030.883595442
2006-05-01,49023882.95853409,3614358.912240388,1495538.373706,1975726.8316683774,2497750.686110854,1467118.7627360588,1506406.4908407673,1408720.5198500422,10913179.644566704,2690338.80506782,3174936.150250139,2626110.7444461295,558861.9783904859,1944198.184703802,1869589.3260749227,10187837.644462895,1093209.9034187093
2006-06-01,49031912.23473737,3614950.882607743,1495783.317393656,1976050.4220385465,2498159.7750882134,1467359.0517759738,1506653.2145407156,1408951.2442534245,10914967.037329864,2690779.436695562,3175456.1506609526,2626540.8566125887,558953.5104543128,1944516.6112191414,1869895.5329312512,10189506.238573048,1093388.952562371
2006-07-01,49039942.82599919,3615542.949929752,1496028.3011989119,1976374.0654073015,2498568.931067373,1467599.380171137,1506899.9786497997,1409182.0064455306,10916754.722837487,2691220.140491253,3175976.236238968,2626971.0392240877,559045.0575095313,1944835.0898873152,1870201.7899390422,10191175.10597047,1093568.03103123
2006-08-01,49047974.73253495,3616135.114222294,1496273.3251283385,1976697.7617833226,2498978.1540593063,1467839.7479279938,1507146.7831746377,1409412.8064325494,10918542.701137519,2691660.916466712,3176496.406998134,2627401.2922921646,559136.6195585965,1945153.620716865,1870508.0971065098,10192844.24669992,1093747.138830089
2006-09-01,49056007.95456007,3616727.375501252,1496518.3891885073,1977021.5111752914,2499387.444074989,1468080.1550529914,1507393.6281218491,1409643.6442206714,10920330.972277913,2692101.7646337613,3177016.6629524026,2627831.615828359,559228.1966039645,1945472.2037163342,1870814.4544418692,10194513.660806164,1093926.275963752
2006-10-01,49064042.49228998,3617319.7337825084,1496763.4933859908,1977345.3135918903,2499796.8011253974,1468320.6015525768,1507640.5134980541,1409874.519816087,10922119.536306629,2692542.6850042236,3177537.0041157254,2628262.009844211,559319.788648091,1945790.8388942666,1871120.8619533365,10196183.348333973,1094105.442437023
2006-11-01,49072078.3459402,3617912.1890819524,1497008.6377273633,1977669.169041805,2500206.2252215114,1468561.0874331996,1507887.4393098748,1410105.433224989,10923908.39327164,2692983.677589925,3178057.43050206,2628692.474351265,559411.3956934329,1946109.526259209,1871427.3196491306,10197853.309328135,1094284.638254708
2006-12-01,49080115.515726246,3618504.741415474,1497253.8222191993,1977993.0775337208,2500615.7163743125,1468801.6127013096,1508134.4055639335,1410336.3844535707,10925697.543220924,2693424.742402694,3178577.9421253637,2629123.009361067,559503.017742447,1946428.2658197084,1871733.8275374703,10199523.543833436,1094463.8634216127
2007-01-01,49268928.0,3587439.0,1506608.0,1995531.0,2493261.0,1475659.0,1503806.0,1413444.0,11106211.0,2681364.0,3196953.0,2664576.0,559258.0,1929836.0,1862277.0,10192710.0,1099995.0
2007-02-01,49276997.410403214,3588026.5613446976,1506854.7567037132,1995857.833955294,2493669.353643321,1475900.6877851735,1504052.2977838856,1413675.4980288988,11108030.008008124,2681803.161707687,3197476.60639543,2665012.412119512,559349.5969254147,1930152.074234351,1862582.009221988,10194379.392118922,1100175.1604268006
2007-03-01,49285068.14243828,3588614.2189219263,1507101.5538219677,1996184.7214404177,2494077.774168007,1476142.4151546857,1504298.635907149,1413907.0339732282,11109849.313938748,2682242.395342575,3198000.2985486607,2665448.8957158886,559441.2088528442,1930468.200236273,1862887.0683992866,10196049.057655811,1100355.3503608073
2007-04-01,49293140.19632164,3589201.9727474465,1507348.3913613819,1996511.662464138,2494486.261585011,1476384.1821150195,1504545.0143763968,1414138.6078391972,11111668.917840663,2682681.700916443,3198524.076473737,2665885.4508008356,559532.8357847454,1930784.378014244,1863192.177540077,10197718.996655447,1100535.569806853
2007-05-01,49301213.57226981,3589789.822837023,1507595.2693285772,1996838.6570352241,2494894.81590529,1476625.98867266,1504791.4331982376,1414370.2196330177,11113488.819762677,2683121.078441075,3199047.940184708,2666322.077386064,559624.477723576,1931100.6075767446,1863497.3366525432,10199389.209162625,1100715.8187697718
2007-06-01,49309288.27049931,3590377.769206421,1507842.187730174,1997165.7051624455,2495303.4371398007,1476867.8348340914,1505037.8923792797,1414601.8693609007,11115309.019753594,2683560.5279282536,3199571.889695623,2666758.775483282,559716.1346717936,1931416.8889322558,1863802.5457448687,10201059.695222128,1100896.097254397
2007-07-01,49317364.291226715,3590965.8118714103,1508089.1465727952,1997492.8068545745,2495712.125299503,1477109.7206058009,1505284.391926134,1414833.5570290599,11117129.517862238,2684000.049389766,3200095.9250205345,2667195.5451042023,559807.8066318567,1931733.2220892606,1864107.80482524,10202730.454878772,1101076.4052655648
2007-08-01,49325441.63466862,3591553.9508477626,1508336.1458630646,1997819.9621203837,2496120.8803953584,1477351.6459942758,1505530.9318454114,1415065.282643709,11118950.314137435,2684439.6428374005,3200620.046173498,2667632.3862605407,559899.4936062238,1932049.6070562436,1864413.1139018445,10204401.488177361,1101256.7428081103
2007-09-01,49333520.30104168,3592142.1861512526,1508583.1856076065,1998147.1709686478,2496529.7024383293,1477593.611006005,1505777.5121437244,1415297.0462110634,11120771.408628019,2684879.308282947,3201144.2531685713,2668069.298964013,559991.1955973543,1932366.04384169,1864718.4729828706,10206072.795162715,1101437.1098868712
2007-10-01,49341600.29056254,3592730.517797655,1508830.2658130464,1998474.4334081423,2496938.5914393803,1477835.615647477,1506024.132827686,1415528.8477373382,11122592.801382829,2685319.045738197,3201668.5460198116,2668506.2832263364,560082.9126077073,1932682.5324540865,1865023.8820765074,10207744.375879657,1101617.506506684
2007-11-01,49349681.60344794,3593318.945802751,1509077.3864860118,1998801.749447645,2497347.547409479,1478077.659925184,1506270.7939039108,1415760.6872287511,11124414.49245072,2685758.8552149455,3202192.9247412826,2668943.339059232,560174.644639743,1932999.072901922,1865329.3411909472,10209416.230373021,1101797.9326723875
2007-12-01,49357764.2399146,3593907.4701823224,1509324.54763313,1999129.1190959346,2497756.570359593,1478319.743845617,1506517.4953790149,1415992.5646915203,11126236.481880551,2686198.7367249876,3202717.3893470485,2669380.4664744213,560266.3916959217,1933315.6651936863,1865634.850334382,10211088.358687649,1101978.3883888212
2008-01-01,49540367.0,3564577.0,1519587.0,2018537.0,2492724.0,1480895.0,1508575.0,1422702.0,11292264.0,2673931.0,3225255.0,2692696.0,560618.0,1919000.0,1855772.0,10200827.0,1112407.0
2008-02-01,49548480.867483556,3565160.81693888,1519835.8824426297,2018867.6019458566,2493132.2656918764,1481137.5453527032,1508822.0788647772,1422935.014331456,11294113.480317442,2674368.9443090153,3225783.2417804995,2693137.017696084,560709.8196702276,1919314.2994822979,1856075.9438138942,10202497.721545132,1112589.1933007839
2008-03-01,49556596.06388027,3565744.729497021,1520084.8056479604,2019198.2580386756,2493540.598250713,1481380.1304302,1509069.19819686,1423168.0668266867,11295963.263548227,2674806.9603458415,3226311.5700779967,2693578.107623348,560801.6543789519,1919628.6504414922,1856379.937408603,10204168.71672597,1112771.4164417244
2008-04-01,49564712.58940779,3566328.737690083,1520333.7696226677,2019528.9682873248,2493948.9976874604,1481622.7552389964,1509316.3580028757,1423401.1574919426,11297813.349741966,2675245.0481222263,3226839.9849066604,2694019.269793621,560893.5041286355,1919943.052886014,1856683.9807922794,10205839.985587327,1112953.6694277083
2008-05-01,49572830.44428382,3566912.841533731,1520582.77437343,2019859.7327006748,2494357.464013073,1481865.4197856002,1509563.5582894543,1423634.286333476,11299663.738948284,2675683.2076499206,3227368.4862806653,2694460.5042187367,560985.3689217423,1920257.5068242964,1856988.0739730787,10207511.528174032,1113135.9522636244
2008-06-01,49580949.628726065,3567497.0410436294,1520831.8199069246,2020190.5512875959,2494765.997238505,1482108.124076519,1509810.7990632248,1423867.4533575382,11301514.431216802,2676121.4389406745,3227897.0742141833,2694901.8109105276,561077.2487607358,1920572.012264772,1857292.216959156,10209183.344530912,1113318.264954361
2008-07-01,49589070.14295229,3568081.3362354473,1521080.9062298317,2020521.4240569612,2495174.597374715,1482350.8681182628,1510058.080330819,1424100.658570384,11303365.426597163,2676559.7420062423,3228425.7487213933,2695343.189880831,561169.1436480805,1920886.569215877,1857596.4097586693,10210855.434702808,1113500.6075048079
2008-08-01,49597191.98718031,3568665.727124856,1521330.0333488316,2020852.3510176453,2495583.2644326603,1482593.651917342,1510305.4020988687,1424333.9019782674,11305216.725139009,2676998.11685838,3228954.509816474,2695784.641141485,561261.0535862411,1921201.1776860475,1857900.6523797768,10212527.798734566,1113682.9799198557
2008-09-01,49605315.16162794,3569250.213727529,1521579.2012706066,2021183.3321785238,2495991.998423303,1482836.4754802685,1510552.7643740077,1424567.1835874447,11307068.326891994,2677436.5635088445,3229483.3575136075,2696226.164704329,561352.9785776825,1921515.837683722,1858204.9448306388,10214200.436671041,1113865.3822043962
2008-10-01,49613439.66651304,3569834.796059142,1521828.4100018383,2021514.3675484727,2496400.799357604,1483079.3388135543,1510800.1671628696,1424800.5034041721,11308920.231905775,2677875.0819693943,3230012.2918269765,2696667.760581204,561444.9186248702,1921830.5492173387,1858509.2871194158,10215873.34855709,1114047.8143633206
2008-11-01,49621565.50205353,3570419.4741353747,1522077.6595492119,2021845.4571363716,2496809.667246528,1483322.2419237136,1511047.6104720903,1425033.8614347074,11310772.440230025,2678313.672251792,3230541.3127707685,2697109.4287839555,561536.8737302702,1922145.3122953393,1858813.679254271,10217546.534437587,1114230.2764015223
2008-12-01,49629692.66846734,3571004.2479719077,1522326.949919412,2022176.6009511005,2497218.602101042,1483565.184817261,1511295.0943083067,1425267.25768531,11312624.95191442,2678752.3343678005,3231070.420359172,2697551.169324429,561628.8438963487,1922460.1269261658,1859118.1212433686,10219219.994357403,1114412.7683238953
2009-01-01,49773145.0,3543030.0,1527478.0,2037582.0,2489781.0,1484180.0,1512870.0,1433640.0,11460610.0,2669876.0,3250176.0,2710579.0,562663.0,1913004.0,1854508.0,10208302.0,1114866.0
2009-02-01,49781296.992551245,3543610.2879076423,1527728.1748538932,2037915.7211921518,2490188.7836786527,1484423.0833796961,1513117.78231255,1433874.80578937,11462487.052522052,2670313.2801691503,3250708.3234154126,2711022.9466265906,562755.1546063618,1913317.3174397256,1854811.7367922445,10209973.945822688,1115048.5960430596
2009-03-01,49789450.320259884,3544190.6708565503,1527978.3906821625,2038249.4970421453,2490596.63414532,1484666.2065723054,1513365.6052076188,1434109.6500359254,11464364.412473304,2670750.631957337,3251240.734016325,2711466.9659640696,562847.3243060769,1913630.6861955062,1855115.5233313972,10211646.165481599,1115231.221992238
2009-04-01,49797604.98334458,3544771.1488622897,1528228.647491518,2038583.327558932,2491004.5514109395,1484909.3695843483,1513613.4686918522,1434344.5327459641,11466242.079904107,2671188.0553762894,3251773.231817016,2711911.0580243454,562939.5091016172,1913944.106275746,1855419.3596256052,10213318.659021575,1115413.8778524331
2009-05-01,49805760.98202407,3545351.721940431,1528478.9452886726,2038917.2127514663,2491412.535486453,1485152.5724223473,1513861.3727718985,1434579.4539257865,11468120.054864826,2671625.550437741,3252305.816831769,2712355.22281933,563031.7089954555,1914257.5776888516,1855723.2456830184,10214991.426487483,1115596.563628544
2009-06-01,49813918.316517085,3545932.390106543,1528729.2840803384,2039251.1526287019,2491820.5863828016,1485395.8150928242,1514109.3174544063,1434814.4135816926,11469998.337405821,2672063.117153424,3252838.4890748663,2712799.460360935,563123.9239900643,1914571.1004432298,1856027.1815117863,10216664.467924178,1115779.2793254703
2009-07-01,49822076.98704241,3546513.1533762007,1528979.6638732306,2039585.1471995963,2492228.70411093,1485639.0976023034,1514357.302746026,1435049.4117199844,11471876.927577473,2672500.755535075,3253371.2485605953,2713243.7706610747,563216.1540879172,1914884.67454729,1856331.1671200613,10218337.783376537,1115962.0249481124
2009-08-01,49830236.99381887,3547094.0117649804,1529230.0846740638,2039919.196473107,2492636.8886817847,1485882.4199573102,1514605.3286534084,1435284.4483469648,11473755.825430168,2672938.4655944314,3253904.095303245,2713688.153731667,563308.3992914875,1915198.3000094423,1856635.2025159963,10220011.37288944,1116144.8005013722
2009-09-01,49838398.337065324,3547674.965288461,1529480.5464895552,2040253.3004581935,2493045.140106313,1486125.7821643702,1514853.395183206,1435519.5234689375,11475635.031014299,2673376.2473432333,3254437.029317107,2714132.60958463,563400.6596032496,1915511.9768380984,1856939.2877077456,10221685.236507772,1116327.6059901514
2009-10-01,49846561.017000645,3548256.0139622237,1529731.049326421,2040587.4591638162,2493453.4583954634,1486369.1842300103,1515101.5023420714,1435754.637092207,11477514.544380262,2673814.100793221,3254970.0506164734,2714577.1382318838,563492.9350256777,1915825.7050416705,1857243.4227034645,10223359.374276424,1116510.4414193525
2009-11-01,49854725.03384378,3548837.157801853,1529981.593191381,2040921.672598938,2493861.8435601885,1486612.626160759,1515349.6501366596,1435989.7892230798,11479394.365578473,2674252.0259561394,3255503.1592156417,2715021.739685351,563585.2255612467,1916139.4846285738,1857547.6075113106,10225033.7862403,1116693.30679388
2009-12-01,49862890.38781368,3549418.3968229354,1530232.1780911547,2041255.9407725225,2494270.295611441,1486856.1079631457,1515597.838573626,1436224.9798678625,11481274.494659346,2674690.022843733,3256036.3551289095,2715466.4139569565,563677.5312124321,1916453.315607224,1857851.8421394422,10226708.47244431,1116876.2021186382
2010-01-01,50515666.0,3567910.0,1549528.0,2075514.0,2511676.0,1503664.0,1529818.0,1454636.0,11786622.0,2689920.0,3290536.0,2758296.0,571255.0,1918485.0,1868963.0,10312545.0,1126298.0
2010-02-01,50523939.60483154,3568494.362827454,1549781.786267955,2075853.933807036,2512087.3697063574,1503910.2745267064,1530068.5581059977,1454874.244576202,11788552.447729358,2690360.563034613,3291074.933695301,2758747.7618576465,571348.5618294737,1918799.2151340782,1869269.104274796,10314234.019048814,1126482.4684097515
2010-03-01,50532214.5647385,3569078.821363577,1550035.6141017743,2076193.9232894338,2512498.8067880594,1504156.589388982,1530319.1572491417,1455112.5281728038,11790483.211633144,2690801.19822594,3291613.9556587525,2759199.597706184,571442.1389827799,1919113.4817312383,1869575.2586842538,10315923.31473015,1126666.9670322835
2010-04-01,50540490.8799428,3569663.375624043,1550289.4835082644,2076533.9684563118,2512910.31125614,1504402.9445934317,1530569.7974361524,1455350.850796196,11792414.291763136,2691241.9055857984,3292153.0659048115,2759651.5075577283,571535.7314624283,1919427.7997999087,1869881.4632365834,10317612.887089318,1126851.495872544
2010-05-01,50548768.55066643,3570248.0256245313,1550543.3944942357,2076874.0693167916,2513321.883121637,1504649.3401466643,1530820.4786737529,1455589.212452771,11794345.688171132,2691682.685126009,3292692.264447938,2760103.491424403,571629.3392709293,1919742.1693485202,1870187.7179399987,10319302.736171633,1127036.0549354828
2010-06-01,50557047.57713139,3570832.7713807207,1550797.347066497,2077214.2258799928,2513733.522395588,1504895.7760552873,1531071.2009686655,1455827.613148921,11796277.400908928,2692123.536858393,3293231.5513025923,2760555.549318328,571722.9624107933,1920056.5903855036,1870494.0228027124,10320992.862022415,1127220.644226049
2010-07-01,50565327.95955973,3571417.612908296,1551051.34123186,2077554.43815504,2514145.2290890343,1505142.2523259106,1531321.9643276157,1456066.0528910405,11798209.430028336,2692564.4607947743,3293770.9264832386,2761007.6812516293,571816.6008845314,1920371.0629192921,1870800.3778329408,10322683.264686996,1127405.2637491943
2010-08-01,50573609.698173545,3572002.550222942,1551305.376997137,2077894.7061510575,2514557.0032130177,1505388.7689651449,1531572.7687573289,1456304.5316855244,11800141.775581175,2693005.4569469793,3294310.3900043443,2761459.8872364326,571910.2546946551,1920685.5869583206,1871106.7830388998,10324373.944210716,1127589.9135098697
2010-09-01,50581892.79319495,3572587.583340348,1551559.4543691413,2078235.0298771716,2514968.8447785825,1505635.3259796018,1531823.6142645315,1456543.0495387695,11802074.437619274,2693446.5253268355,3294849.941880377,2761912.167284867,572003.9238436762,1921000.1625110242,1871413.2384288078,10326064.900638916,1127774.593513028
2010-10-01,50590177.24484608,3573172.7122762036,1551813.573354687,2078575.4093425092,2515380.7537967735,1505881.9233758938,1532074.5008559513,1456781.6064571717,11804007.41619446,2693887.6659461716,3295389.5821258076,2762364.5214090613,572097.6083341067,1921314.7895858395,1871719.7440108832,10327756.134016946,1127959.3037636217
2010-11-01,50598463.05334917,3573757.9370462033,1552067.73396059,2078915.8445562006,2515792.730278639,1506128.5611606352,1532325.4285383176,1457020.2024471303,11805940.71135858,2694328.8788168207,3295929.3107551103,2762816.949621149,572191.3081684597,1921629.4681912058,1872026.2997933477,10329447.644390171,1128144.0442666055
2010-12-01,50606750.218926415,3574343.2576660425,1552321.9361936674,2079256.3355273756,2516204.774235229,1506375.2393404408,1532576.3973183602,1457258.8375150443,11807874.32316349,2694770.1639506156,3296469.1277827607,2763269.4519332647,572285.023349248,1921944.1983355628,1872332.9057844228,10331139.431803958,1128328.815026934
2011-01-01,50734284.0,3550963.0,1562903.0,2101284.0,2507271.0,1515603.0,1536448.0,1463464.0,11937415.0,2699195.0,3308765.0,2801274.0,576156.0,1914339.0,1874031.0,10249679.0,1135494.0
2011-02-01,50742593.41073265,3551544.58719779,1563158.97686492,2101628.154493674,2507681.6482424596,1515851.2299313543,1536699.6439869606,1463703.6904520905,11939370.145051837,2699637.0821214803,3309306.9192947084,2801732.8009213,576250.3645297148,1914652.536089965,1874337.93432679,10251357.722669838,1135679.9745577655
2011-03-01,50750904.18240511,3552126.269649647,1563414.9956544866,2101972.3653539866,2508092.3637421005,1516099.5005185395,1536951.3291889161,1463943.4201613904,11941325.6103231,2700079.2366484753,3309848.927346558,2802191.6769863684,576344.7445147309,1914966.1235317958,1874644.9189241899,10253036.72028583,1135865.9795749933
2011-04-01,50759216.31524026,3552708.047371172,1563671.0563755655,2102316.6325901696,2508503.146509937,1516347.8117682135,1537203.0556126162,1464183.189134329,11943281.395866232,2700521.4635928427,3310391.0241700844,2802650.628207512,576439.1399575791,1915279.7623339028,1874951.9538004324,10254715.992893001,1136052.015056671
2011-05-01,50767529.80946107,3553289.9203779697,1563927.1590350252,2102660.9562114566,2508913.9965569885,1516596.163687037,1537454.8232648133,1464422.9973773384,11945237.501733694,2700963.7629664443,3310933.2097798297,2803109.654597042,576533.5508607917,1915593.4525046987,1875259.0389637535,10256395.540536398,1136238.0810077894
2011-06-01,50775844.66529048,3553871.8886856446,1564183.3036397337,2103005.3362270817,2509324.913894272,1516844.5562816705,1537706.632152259,1464662.8448968485,11947193.927977944,2701406.134781142,3311475.4841903327,2803568.756167268,576627.9772269005,1915907.1940525959,1875566.1744223882,10258075.36326106,1136424.1774333378
2011-07-01,50784160.88295152,3554453.9523098064,1564439.4901965617,2103349.772646282,2509735.898532809,1517092.989558776,1537958.482281707,1464902.7316992935,11949150.674651459,2701848.579048801,3312017.847416139,2804027.9329305035,576722.4190584382,1916220.9869860099,1875873.360184575,10259755.461112048,1136610.304338308
2011-08-01,50792478.46266722,3555036.111266066,1564695.7187123797,2103694.2654782953,2510146.950483624,1517341.4635250166,1538210.3736599127,1465142.6577911067,11951107.741806718,2702291.0957812876,3312560.299471795,2804487.1848990647,576816.8763579377,1916534.8313133563,1876180.596258552,10261435.834134419,1136796.461727692
2011-09-01,50800797.40466069,3555618.3655700376,1564951.9891940604,2104038.8147323616,2510558.06975774,1517589.9781870567,1538462.3062936317,1465382.6231787235,11953065.129496211,2702733.6849904708,3313102.84037185,2804946.5120852687,576911.3491279326,1916848.727043053,1876487.8826525602,10263116.482373243,1136982.6496064826
2011-10-01,50809117.70915499,3556200.7152373362,1565208.3016484764,2104383.420417721,2510969.2563661835,1517838.5335515612,1538714.2801896203,1465622.627868579,11955022.837772433,2703176.3466882203,3313645.4701308534,2805405.9145014337,577005.8373709562,1917162.674183518,1876795.2193748401,10264797.405873591,1137168.8679796732
2011-11-01,50817439.376373336,3556783.1602835823,1565464.6560825026,2104728.082543616,2511380.510319983,1518087.129625197,1538966.2953546376,1465862.6718671112,11956980.866687894,2703619.0808864087,3314188.18876336,2805865.3921598825,577100.3410895432,1917476.6727431722,1877102.6064336358,10266478.604680553,1137355.1168522583
2011-12-01,50825762.406538896,3557365.7007243973,1565721.0525030147,2105072.801119292,2511791.831630169,1518335.7664146314,1539218.3517954422,1466102.7551807577,11958939.21629511,2704061.887596911,3314730.9962839265,2806324.9450729378,577194.8602862282,1917790.7227304373,1877410.0438371908,10268160.078839216,1137541.3962292338
2012-01-01,50948272.0,3538484.0,1565628.0,2028777.0,2505644.0,1524583.0,1538630.0,1469216.0,12093299.0,2698353.0,3319314.0,2843981.0,583713.0,1909618.0,1873341.0,10195318.0,1147256.0
2012-02-01,50956616.45831869,3539063.5433503487,1565884.4231734606,2029109.2790832713,2506054.381767599,1524832.7007022512,1538882.001361359,1469456.6325316224,12095279.676193316,2698794.944216236,3319857.6470410544,2844446.795599773,583808.6022374729,1909930.7628706547,1873647.821316554,10196987.819264857,1147443.900972831
2012-03-01,50964962.28331739,3539643.1816200176,1566140.8883446653,2029441.6125881914,2506464.830748735,1525082.4423012203,1539134.0439962447,1469697.3044747512,12097260.676787622,2699236.9608154,3320401.3831222258,2844912.667488924,583904.2201329623,1910243.5769665355,1873954.6928852089,10198657.912017642,1147631.8327206383
2012-04-01,50973309.47521992,3540222.9148245514,1566397.3955204922,2029774.0005236731,2506875.3469544156,1525332.224803605,1539386.1279114163,1469938.0158358405,12099242.00183605,2699679.049809346,3320945.208258096,2845378.6156799477,583999.8536890328,1910556.4422960314,1874261.614714194,10200328.278303143,1147819.7952484612
2012-05-01,50981658.03425019,3540802.742979502,1566653.9447078216,2030106.4428986325,2507285.9303956525,1525582.0482161054,1539638.2531136358,1470178.7666213473,12101223.651391745,2700121.211209933,3321489.1224632533,2845844.6401853412,584095.5029082494,1910869.358867535,1874568.5868117427,10201998.918166166,1148007.7885613418
2012-06-01,50990007.96063207,3541382.666100417,1566910.5359135335,2030438.939721984,2507696.5810834565,1525831.9125454212,1539890.4196096645,1470419.5568377278,12103205.625507846,2700563.4450290175,3322033.1257522823,2846310.7410176024,584191.1677931772,1911182.326689437,1874875.6091860868,10203669.831651513,1148195.8126643216
2012-07-01,50998359.25458954,3541962.684202852,1567167.1691445103,2030771.491002647,2508107.299028842,1526081.817798254,1540142.6274062663,1470660.3864914402,12105187.924237518,2701005.7512784624,3322577.2181397756,2846776.9181892336,584286.848346382,1911495.3457701327,1875182.6818454613,10205341.018804,1148383.8675624442
2012-08-01,51006711.91634658,3542542.797302364,1567423.8444076348,2031104.0967495397,2508518.084242824,1526331.7639813067,1540394.876510205,1470901.2555889443,12107170.547633925,2701448.12997013,3323121.399640326,2847243.1717127375,584382.5445704304,1911808.4161180172,1875489.8047981022,10207012.479668451,1148571.9532607526
2012-09-01,51015065.946127206,3543123.005414511,1567680.5617097917,2031436.7569715832,2508928.9367364207,1526581.751101283,1540647.1669282466,1471142.1641366999,12109153.495750243,2701890.5811158856,3323665.670268528,2847709.50160062,584478.2564678887,1912121.5377414871,1875796.9780522466,10208684.214289697,1148760.0697642919
2012-10-01,51023421.344155475,3543703.3085548542,1567937.3210578654,2031769.4716776991,2509339.856520651,1526831.7791648868,1540899.4986671568,1471383.112141168,12111136.768639652,2702333.104727594,3324210.0300389794,2848175.907865386,584573.9840413238,1912434.71064894,1876104.2016161326,10210356.222712569,1148948.217078107
2012-11-01,51031778.110655494,3544283.7067389586,1568194.1224587427,2032102.2408768116,2509750.8436065363,1527081.848178825,1541151.8717337039,1471624.0996088115,12113120.366355348,2702775.7008171263,3324754.4789662804,2848642.3905195473,584669.7272933035,1912747.934848776,1876411.4754980006,10212028.504981915,1149136.3952072442
2012-12-01,51040136.24585139,3544864.1999823903,1568450.9659193116,2032435.0645778456,2510161.8980050995,1527331.9581498043,1541404.2861346568,1471865.1265460935,12115104.288950533,2703218.369396352,3325299.0170650333,2849108.949575614,584765.4862263955,1913061.2103493959,1876718.7997060919,10213701.061142586,1149324.604156751
2013-01-01,51141463.0,3527635.0,1572732.0,2047631.0,2501588.0,1532811.0,1542263.0,1472910.0,12234630.0,2699440.0,3333820.0,2879782.0,593806.0,1907172.0,1872965.0,10143645.0,1156480.0
2013-02-01,51149839.09971071,3528212.766469117,1572989.586687542,2047966.3670470228,2501997.717463951,1533062.0483083692,1542515.5963848187,1473151.2375458423,12236633.823801514,2699882.122248303,3334366.022876537,2880253.6591931893,593903.2552987938,1907484.3622575575,1873271.7597341647,10145306.356108448,1156669.411706768
2013-03-01,51158216.57128375,3528790.6275665313,1573247.215563392,2048301.7890214503,2502407.5020326376,1533313.137734171,1542768.2341406187,1473392.5146022816,12238637.975795204,2700324.316908693,3334912.1351823118,2880725.3956361134,594000.5265263475,1907796.7756747273,1873578.5697103438,10146967.984318703,1156858.8544359442
2013-04-01,51166595.41494379,3529368.5833077407,1573504.886634459,2048637.2659322782,2502817.3537170496,1533564.2682841397,1543020.9132741755,1473633.831175789,12240642.456034817,2700766.5839930284,3335458.3369319704,2881197.209341423,594097.8136852697,1908109.240259888,1873885.4299367657,10148629.884675328,1157048.3281926094
2013-05-01,51174975.63091558,3529946.6337082474,1573762.5999076548,2048972.797788505,2503227.2725281804,1533815.4399650113,1543273.6337922667,1473875.1872728372,12242647.264574124,2701208.923513173,3336004.6281401645,2881669.100321775,594195.11677817,1908421.7560214212,1874192.3404216615,10150292.057222897,1157237.832981846
2013-06-01,51183357.21942386,3530524.7787835537,1574020.3553898903,2049308.3845991285,2503637.258477023,1534066.6527835215,1543526.3957016699,1474116.5828998988,12244652.401466884,2701651.335480988,3336551.008821544,2882141.068589823,594292.4358076578,1908734.3229677072,1874499.3011732616,10151954.50200599,1157427.3688087356
2013-07-01,51191740.18069344,3531103.0185491666,1574278.1530880795,2049644.0263731503,2504047.311574574,1534317.9067464084,1543779.1990091642,1474358.0180634484,12246657.866766881,2702093.8199083414,3337097.4789907634,2882613.1141582266,594389.7707763434,1909046.9411071301,1874806.3121997993,10153617.219069194,1157616.9356783624
2013-08-01,51200124.51494916,3531681.3530205945,1574535.9930091365,2049979.7231195723,2504457.4318318316,1534569.2018604109,1544032.0437215304,1474599.4927699617,12248663.660527904,2702536.3768070997,3337644.03866248,2883085.2370396466,594487.1216868375,1909359.6104480743,1875113.3735095093,10155280.208457107,1157806.5335958104
2013-09-01,51208510.22241588,3532259.782213349,1574793.8751599768,2050315.4748473982,2504867.619259795,1534820.5381322687,1544284.9298455499,1474841.007025915,12250669.78280375,2702979.006189133,3338190.6878513526,2883557.4372467455,594584.488541751,1909672.3309989262,1875420.4851106266,10156943.47021433,1157996.162566165
2013-10-01,51216897.3033185,3532838.3061429425,1575051.799547516,2050651.2815656322,2505277.873869465,1535071.9155687222,1544537.8573880044,1475082.5608377855,12252676.233648216,2703421.708066312,3338737.4265720416,2884029.7147921864,594681.8713436951,1909985.102768072,1875727.6470113876,10158607.004385468,1158185.8225945116
2013-11-01,51225285.75788199,3533416.9248248925,1575309.766178673,2050987.1432832817,2505688.195671846,1535323.3341765145,1544790.8263556785,1475324.1542120522,12254683.013115127,2703864.482450511,3339284.254839212,2884502.069688638,594779.270095282,1910297.9257639013,1876034.8592200314,10160270.811015142,1158375.5136859375
2013-12-01,51233675.58633132,3533995.6382747185,1575567.7750603661,2051323.0600093547,2506098.584677943,1535574.7939623883,1545043.8367553565,1475565.7871551947,12256690.121258298,2704307.3293536054,3339831.17266753,2884974.5019487687,594876.6847991239,1910610.7999948042,1876342.1217447973,10161934.890147977,1158565.23584553
2014-01-01,51327916.0,3519401.0,1578933.0,2062273.0,2493264.0,1531809.0,1544442.0,1475884.0,12357830.0,2700794.0,3350257.0,2902608.0,607346.0,1905780.0,1871560.0,10103233.0,1166377.0
2014-02-01,51336322.63753321,3519977.4178803014,1579191.602305619,2062610.7651569862,2493672.35413467,1532059.8841978526,1544694.9532678681,1476125.7246363375,12359854.001861034,2701236.3440104183,3350805.7149768965,2903083.397702821,607445.4729199456,1906092.1342716902,1871866.529619119,10104887.737311848,1166568.0326666306
2014-03-01,51344730.65193032,3520553.9301680243,1579450.2469658868,2062948.5856341468,2494080.775150785,1532310.8094862595,1544947.947965169,1476367.4888630493,12361878.335219067,2701678.7604692443,3351354.519823951,2903558.8732676804,607544.9621318596,1906404.3196656525,1872173.1094425635,10106542.745641453,1166759.096621155
2014-04-01,51353140.04341683,3521130.53687863,1579708.93398774,2063286.4614405413,2494489.263059299,1532561.7758719502,1545200.9840986875,1476609.292686619,12363903.000128385,2702121.2493883427,3351903.4145558826,2904034.4267073306,607644.4676384102,1906716.5561902595,1872479.7394785557,10108198.025033206,1166950.1918686975
2014-05-01,51361550.8122183,3521707.238027585,1579967.6633781171,2063624.392585233,2494897.8178711687,1532812.7833616564,1545454.0616752112,1476851.136113533,12365927.996643301,2702563.8107795827,3352452.399187414,2904510.058034527,607743.9894422664,1907028.8438538862,1872786.4197353206,10109853.575531505,1167141.3184143838
2014-06-01,51369962.95856029,3522284.033630355,1580226.435143957,2063962.3790772841,2495306.43959735,1533063.8319621095,1545707.1807015263,1477093.0191502767,12367953.324818118,2703006.444654832,3353001.473733267,2904985.767262025,607843.5275460971,1907341.1826649075,1873093.1502210824,10111509.397180745,1167332.4762633394
2014-07-01,51378376.48266843,3522860.923702411,1580485.2492922002,2064300.4209257604,2495715.128248804,1533314.9216800435,1545960.3411844228,1477334.941803338,12369978.98470716,2703449.1510259644,3353550.638208169,2905461.5544025837,607943.0819525722,1907653.572631701,1873399.9309440681,10113165.490025343,1167523.6654206915
2014-08-01,51386791.38476838,3523437.9082592255,1580744.1058297886,2064638.518139728,2496123.8838364906,1533566.0525221922,1546213.5431306902,1477576.9040792051,12372004.976364758,2703891.929904852,3354099.89262685,2905937.4194689645,608042.6526643618,1907966.013762645,1873706.761912506,10114821.854109714,1167714.8858915681
2014-09-01,51395207.66508583,3524014.9873162736,1581003.0047636644,2064976.6707282555,2496532.7063713744,1533817.2244952915,1546466.7865471197,1477818.905984368,12374031.299845247,2704334.781303372,3354649.2370040403,2906413.3624739307,608142.2396841365,1908278.5060661195,1874013.6431346256,10116478.489478283,1167906.1376810977
2014-10-01,51403625.3238465,3524592.1608890314,1581261.9461007714,2065314.878700411,2496941.5958644184,1534068.4376060772,1546720.0714405028,1478060.9475253166,12376057.955202973,2704777.7052333993,3355198.6713544726,2906889.3834302453,608241.8430145668,1908591.0495505054,1874320.5746186567,10118135.396175478,1168097.4207944095
2014-11-01,51412044.36127616,3525169.42899298,1581520.9298480547,2065653.1420652664,2497350.5523265903,1534319.691861288,1546973.3978176333,1478303.0287085432,12378084.942492293,2705220.701706815,3355748.195692885,2907365.4823506773,608341.4626583247,1908903.6442241853,1874627.5563728323,10119792.574245742,1168288.735236634
2014-12-01,51420464.77760061,3525746.7916436032,1581779.9560124604,2065991.460831894,2497759.5757688587,1534570.9872676618,1547226.7656853055,1478545.1495405405,12380112.261767576,2705663.7707355013,3356297.810034015,2907841.659247996,608441.0986180819,1909216.2900955435,1874934.5884053854,10121450.02373352,1168480.0810129028
2015-01-01,51529338.0,3513777.0,1583952.0,2077649.0,2487829.0,1518775.0,1549507.0,1472199.0,12522606.0,2702826.0,3364702.0,2925815.0,624395.0,1908996.0,1869711.0,10022181.0,1173534.0
2015-02-01,51537777.62702269,3514352.496764987,1584211.4243322483,2077989.2834836354,2488236.4639743334,1519023.7494508738,1549760.782828513,1472440.1210961642,12524656.98936051,2703268.6768173743,3365253.080821619,2926294.198613757,624497.2652554712,1909308.6609976594,1870017.2267844432,10023822.46237613,1173726.2048612083
2015-03-01,51546218.6363124,3514928.0877865325,1584470.8911537793,2078329.6226999043,2488643.9946843185,1519272.5396426667,1550014.607222327,1472681.2816838534,12526708.31463811,2703711.426137664,3365804.2519008806,2926773.4757120763,624599.5472602479,1909621.37320386,1870323.5037236128,10025464.193595814,1173918.4412022962
2015-04-01,51554661.02809551,3515503.773080073,1584730.4004715518,2078670.0176579335,2489051.5921408855,1519521.370582051,1550268.4731882485,1472922.4817695348,12528759.975887815,2704154.247972743,3366355.5132525675,2927252.831307813,624701.8460170728,1909934.1366269877,1870629.830825723,10027106.193703078,1174110.7090284189
2015-05-01,51563104.80259848,3516079.5526610506,1584989.9522925264,2079010.468366854,2489459.2563549676,1519770.2422757014,1550522.3807330877,1473163.721359678,12530811.973164657,2704597.1423344896,3366906.864891466,2927732.2654138245,624804.1615286903,1910246.9512754322,1870936.2080989901,10028748.462741967,1174303.0083447336
2015-06-01,51571549.96004773,3516655.4265449056,1585249.5466236635,2079350.9748357956,2489866.9873374966,1520019.1547302913,1550776.329863653,1473405.0004607532,12532864.306523662,2705040.109234781,3367458.3068323624,2928211.7780429674,624906.4937978439,1910559.8171575826,1871242.6355516308,10030391.000756523,1174495.3391563976
2015-07-01,51579996.500669785,3517231.3947470854,1585509.1834719265,2079691.5370738914,2490274.785099409,1520268.107952498,1551030.3205867566,1473646.3190792312,12534916.976019884,2705483.1486854986,3368009.839090047,2928691.369208104,625008.8428272785,1910872.7342818303,1871549.1131918638,10032033.8077908,1174687.7014685697
2015-08-01,51588444.42469119,3517807.457283037,1585768.8628442786,2080032.1550902757,2490682.6496516424,1520517.101948998,1551284.3529092104,1473887.677221585,12536969.981708372,2705926.260698525,3368561.461679312,2929171.0389220966,625111.2086197393,1911185.702656568,1871855.6410279092,10033676.883888865,1174880.0952864087
2015-09-01,51596893.73233853,3518383.6141682104,1586028.5847476847,2080372.828894084,2491090.581005136,1520766.1367264695,1551538.4268378275,1474129.0748942876,12539023.323644191,2706369.4452857445,3369113.174614953,2929650.7871978106,625213.5911779717,1911498.72229019,1872162.2190679882,10035320.22909478,1175072.520615075
2015-10-01,51605344.42383839,3518959.8654180574,1586288.3491891099,2080713.5584944526,2491498.5791708296,1521015.212291591,1551792.5423794219,1474370.5121038128,12541077.001882408,2706812.7024590424,3369664.977911765,2930130.614048112,625315.9905047213,1911811.7931910905,1872468.8473203229,10036963.84345262,1175264.9774597292
2015-11-01,51613796.499417454,3519536.2110480354,1586548.1561755224,2081054.3439005208,2491906.644159667,1521264.3286510443,1552046.69954081,1474611.988856637,12543131.016478108,2707256.0322303087,3370216.8715845505,2930610.519485872,625418.4066027349,1912124.9153676673,1872775.5257931375,10038607.727006469,1175457.4658255335
2015-12-01,51622249.959302396,3520112.6510736016,1586808.0057138896,2081395.1851214285,2492314.775982593,1521513.48581151,1552300.898328808,1474853.5051592363,12545185.36748638,2707699.4346114337,3370768.85564811,2931090.5035239602,625520.8394747594,1912438.0888283183,1873082.2544946577,10040251.87980042,1175649.9857176503
2016-01-01,51696216.0,3498529.0,1591625.0,2096727.0,2484557.0,1514370.0,1550806.0,1469214.0,12716780.0,2700398.0,3373871.0,2943069.0,641597.0,1903914.0,1864791.0,9930616.0,1172304.0
2016-02-01,51704682.95879393,3499101.999402555,1591885.6810388286,2097070.408134768,2484963.9280765187,1514618.027986976,1551059.9955825661,1469454.6322040567,12718862.79175117,2700840.27915237,3374423.5825474933,2943551.0245247874,641702.0826497884,1904225.8286527044,1865096.420972326,9932242.465590253,1172496.0034081792
2016-03-01,51713151.30433136,3499675.092652644,1592146.404772767,2097413.8725139336,2485370.9228009186,1514866.096596708,1551314.0327652781,1469695.3038195658,12720945.92462812,2701282.6307425248,3374976.255598587,2944033.1279969737,641807.1825103231,1904537.7083776256,1865401.8919674002,9933869.197567843,1172688.038263243
2016-04-01,51721621.036839396,3500248.2797656353,1592407.1712088077,2097757.3931467086,2485777.9841841147,1515114.2058358483,1551568.1115549493,1469936.014852982,12723029.398686714,2701725.0547823277,3375529.0191681026,2944515.310429489,641912.2995844231,1904849.639183128,1865707.4129934148,9935496.195976393,1172880.1045703418
2016-05-01,51730092.15654524,3500821.560756904,1592667.9803539452,2098100.970042307,2486185.1122370264,1515362.3557110527,1551822.2319583949,1470176.7653107618,12725113.213982843,2702167.551283646,3376081.8732708683,2944997.571835266,642017.4338749078,1905161.6210775787,1866012.9840585652,9937123.460859545,1173072.2023346275
2016-06-01,51738564.66367603,3501394.9356418243,1592928.8322151734,2098444.603209942,2486592.3069705707,1515610.546228975,1552076.3939824295,1470417.5551993616,12727197.370572386,2702610.120258346,3376634.817921709,2945479.9122272385,642122.5853845967,1905473.654069344,1866318.6051710458,9938750.992260939,1173264.3315612513
2016-07-01,51747038.55845906,3501968.4044357752,1593189.7267994895,2098788.292658832,2486999.5683956705,1515858.7773962729,1552330.5976338706,1470658.38452524,12729281.868511247,2703052.7617182992,3377187.853135456,2945962.331618344,642227.75411631,1905785.7381667937,1866624.2763390539,9940378.79022423,1173456.492255367
2016-08-01,51755513.84112157,3502541.967154138,1593450.6641138904,2099132.0383981937,2487406.8965232484,1516107.0492196039,1552584.8429195355,1470899.253294856,12731366.707855329,2703495.4756753766,3377740.9789269427,2946444.8300215206,642332.9400728687,1906097.8733782978,1866929.997570788,9942006.854793074,1173648.6844221284
2016-09-01,51763990.511890896,3503115.623812295,1593711.6441653746,2099475.840437247,2487814.291364229,1516355.3617056268,1552839.129846244,1471140.1615146701,12733451.888660554,2703938.2621414526,3378294.195311004,2946927.40744971,642438.1432570937,1906410.0597122281,1867235.7688744478,9943635.186011137,1173840.90806669
2016-10-01,51772468.570994355,3503689.3744256315,1593972.6669609414,2099819.6987852124,2488221.752929538,1516603.7148610011,1553093.458420815,1471381.1091911427,12735537.41098284,2704381.1211284017,3378847.502302476,2947410.063915854,642543.3636718065,1906722.297176957,1867541.5902582335,9945263.78392209,1174033.1631942068
2016-11-01,51780948.01865936,3504263.219009537,1594233.732507592,2100163.613451313,2488629.281230105,1516852.1086923883,1553347.8286500708,1471622.0963307372,12737623.274878126,2704824.052648103,3379400.8999162004,2947892.7994328984,642648.6013198295,1907034.585780859,1867847.4617303482,9946892.648569616,1174225.449809836
2016-12-01,51789428.85511333,3504837.1575794015,1594494.8408123285,2100507.5844447725,2489036.8762768595,1517100.54320645,1553602.2405408334,1471863.1229399163,12739709.480402358,2705267.0567124356,3379954.388167019,2948375.61401379,642753.8562039849,1907346.9255323105,1868153.383298995,9948521.779997401,1174417.7679187346
2017-01-01,51778544.0,3470653.0,1594432.0,2116770.0,2475231.0,1502227.0,1550142.0,1463770.0,12873895.0,2691706.0,3380404.0,2948542.0,657083.0,1896424.0,1854607.0,9857426.0,1165132.0
2017-02-01,51787024.442716695,3471221.433789023,1594693.1407775711,2117116.6908364478,2475636.400636721,1502473.0391706065,1550395.8868306868,1464009.7405696732,12876003.524509462,2692146.855550963,3380957.65254151,2949024.920908876,657190.618992562,1896734.601918404,1854910.7530067565,9859040.478316097,1165322.828756857
2017-03-01,51795506.27438532,3471789.9606778095,1594954.3243255494,2117463.438454944,2476041.8676711544,1502719.1186382344,1550649.815243708,1464249.5204047647,12878112.394359289,2692587.783306549,3381511.3957618666,2949507.920911964,657298.2556112804,1897045.2547081066,1855214.555763077,9860655.221056215,1165513.688768211
2017-04-01,51803989.49523336,3472358.5806816067,1595215.5506509396,2117810.242864788,2476447.4011141746,1502965.238409483,1550903.7852458737,1464489.3395117044,12880221.60960604,2693028.7832785835,3382065.2296759216,2949991.0000222167,657405.9098590416,1897355.9583774395,1855518.4082771088,9862270.228263663,1165704.5800391806
2017-05-01,51812474.105488345,3472927.293815667,1595476.8197607487,2118157.104075282,2476853.00097666,1503211.398490955,1551157.796843996,1464729.1978969257,12882331.170306293,2693469.8554788954,3382619.15429853,2950474.158252592,657513.5817387333,1897666.7129347366,1855822.3105570027,9863885.49998176,1165895.502574886
2017-06-01,51820960.10537782,3473496.1000952413,1595738.131661983,2118504.0220957277,2477258.6672694865,1503457.5988892505,1551411.850044887,1464969.0955668606,12884441.076516617,2693910.9999193125,3383173.1696445467,2950957.395616048,657621.271253243,1897977.5183883316,1856126.262610908,9865501.036253821,1166086.4563804474
2017-07-01,51829447.49512941,3474064.9995355867,1595999.4863616514,2118850.996935431,2477664.400003535,1503703.839610974,1551665.9448553612,1465209.0325279438,12886551.328293609,2694352.2166116685,3383727.2757288315,2951440.712125545,657728.9784054592,1898288.3747465608,1856430.2644469775,9867116.837123182,1166277.4414609866
2017-08-01,51837936.27497073,3474633.9921519617,1596260.8838667641,2119198.028603697,2478070.199189689,1503950.1206627297,1551920.0812822331,1465449.0087866106,12888661.92569386,2694793.505567796,3384281.472566246,2951924.107794046,657836.7031982705,1898599.2820177618,1856734.316073365,9868732.902633177,1166468.4578216258
2017-09-01,51846426.44512947,3475203.077959626,1596522.3241843316,2119545.117109834,2478476.064838831,1504196.4420511227,1552174.259332319,1465689.0243492974,12890772.868773986,2695234.866799531,3384835.760171654,2952407.5826345165,657944.4456345665,1898910.2402102733,1857038.4174982253,9870349.23282715,1166659.5054674884
2017-10-01,51854918.00583332,3475772.2569738426,1596783.8073213652,2119892.2624631505,2478881.996961846,1504442.8037827592,1552428.4790124355,1465929.0792224407,12892884.157590594,2695676.3003187105,3385390.138559921,2952891.136659922,658052.2057172364,1899221.2493324347,1857342.5687297138,9871965.82774845,1166850.5844036979
2017-11-01,51863410.957310036,3476341.5292098783,1597045.3332848789,2120239.4646729575,2479287.995569622,1504689.2058642474,1552682.7403294016,1466169.1734124797,12894995.792200316,2696117.806137175,3385944.6077459166,2953374.769883233,658159.9834491706,1899532.309392588,1857646.7697759888,9873582.687440436,1167041.6946353796
2017-12-01,51871905.29978742,3476910.8946830006,1597306.9020818865,2120586.723748567,2479694.0606730487,1504935.6483021956,1552937.0432900367,1466409.306925854,12897107.772659786,2696559.384266765,3386499.1677445117,2953858.4823174207,658267.77883326,1899843.420399076,1857951.0206452087,9875199.811946476,1167232.836167659
2018-01-01,51826059.0,3441453.0,1599252.0,2126282.0,2461769.0,1489936.0,1543052.0,1459336.0,13077153.0,2676831.0,3373988.0,2954642.0,667191.0,1882970.0,1836832.0,9765623.0,1155623.0
2018-02-01,51834547.224863596,3442016.651326864,1599513.9302113932,2126630.2487398745,2462172.195790639,1490180.02611436,1543304.7256095668,1459575.0143560702,13079294.814704444,2677269.419279572,3374540.6017100983,2955125.9199848752,667300.2745106273,1883278.398382586,1837132.8417648089,9767222.442549877,1155812.2713447793
2018-03-01,51843036.839953706,3442580.394970206,1599775.9033224895,2126978.5545169553,2462575.457617875,1490424.092196037,1543557.4926112797,1459814.0678586168,13081436.980201622,2677707.9103647475,3375093.2939269356,2955609.9192275936,667409.5669185563,1883586.8472755689,1837433.7328023696,9768822.147061177,1156001.5736889779
2018-04-01,51851527.84549801,3443144.2309451443,1600037.9193403146,2127326.9173405836,2462978.785492522,1490668.198251577,1543810.3010119176,1460053.160514051,13083579.496548982,2678146.473267286,3375646.0766653344,2956093.9977411353,667518.8772267184,1883895.3466872214,1837734.673120752,9770422.113576798,1156190.9070376728
2018-05-01,51860020.24172428,3443708.1592668034,1600299.9782718967,2127675.3372201035,2463382.1794253993,1490912.3442875273,1544063.1508182618,1460292.2923287866,13085722.363803996,2678585.107998952,3376198.949940122,2956578.155538485,667628.2054380454,1884203.8966258185,1838035.6627280281,9772022.34213966,1156380.2713959427
2018-06-01,51868514.02886024,3444272.1799503057,1600562.0801242634,2128023.814164859,2463785.6394273248,1491156.5303104355,1544316.0420370928,1460531.4633092359,13087865.582024127,2679023.8145715073,3376751.913766125,2957062.392632627,667737.5515554693,1884512.4970996343,1838336.70163227,9773622.832792673,1156569.6667688654
2018-07-01,51877009.207133725,3444836.2930107806,1600824.224904445,2128372.3481841967,2464189.1655091196,1491400.756326851,1544568.9746751941,1460770.673461814,13090009.151266865,2679462.5929967198,3377304.9681581752,2957546.709036549,667846.915581923,1884821.1481169462,1838637.7898415518,9775223.585578771,1156759.0931615212
2018-08-01,51885505.77677258,3445400.498463357,1601086.412619472,2128720.9392874646,2464592.757681607,1491645.022343324,1544821.9487393491,1461009.922792937,13092153.071589697,2679901.443286358,3377858.113131106,2958031.1047632406,667956.2975203396,1885129.8496860329,1838938.927363949,9776824.600540882,1156948.5505789907
2018-09-01,51894003.738004684,3445964.796323167,1601348.643276377,2129069.5874840124,2464996.4159556115,1491889.3283664065,1545074.964236343,1461249.2113090213,13094297.34305013,2680340.3654521913,3378411.3486997527,2958515.579825694,668065.6973736531,1885438.6018151734,1839240.1142075385,9778425.87772195,1157138.0390263554
2018-10-01,51902503.09105795,3446529.1866053455,1601610.9168821925,2129418.29278319,2465400.1403419585,1492133.6744026497,1545328.0211729615,1461488.5390164847,13096441.965705663,2680779.3595059915,3378964.6748789526,2959000.1342369025,668175.115144797,1885747.4045126482,1839541.3503803974,9780027.417164916,1157327.5585086965
2018-11-01,51911003.83616033,3447093.66932503,1601873.233443953,2129767.0551943504,2465803.930851477,1492378.060458608,1545581.1195559916,1461727.9059217463,13098586.939613827,2681218.425459534,3379518.091683547,2959484.7680098624,668284.5508367064,1886056.2577867405,1839842.6358906059,9781629.21891274,1157517.109031098
2018-12-01,51919505.97353984,3447658.24449736,1602135.5929686944,2130115.874726848,2466207.7874949975,1492622.4865408356,1545834.259392222,1461967.3120312262,13100732.264832146,2681657.5633245935,3380071.5991283795,2959969.4811575715,668394.0044523166,1886365.1616457333,1840143.9707462443,9783231.283008382,1157706.6905986432
2019-01-01,51849861.0,3413841.0,1600007.0,2123709.0,2438031.0,1474870.0,1541502.0,1456468.0,13239666.0,2665836.0,3362553.0,2957026.0,670989.0,1868745.0,1818917.0,9729107.0,1148019.0
2019-02-01,51858353.12322538,3414400.1289520306,1600269.053867521,2124056.8273263425,2438430.307910957,1475111.5585604254,1541754.4717459932,1456706.5446265677,13241834.431563104,2666272.6184860296,3363103.728852058,2957510.3104434293,671098.8965582738,1869051.0685701128,1819214.907593248,9730700.46185165,1148207.0259392224
2019-03-01,51866846.63731577,3414959.3494798513,1600531.150654998,2124404.711620871,2438829.6812217417,1475353.156684025,1542006.9848425542,1456945.1283226782,13244003.218278328,2666709.3084827233,3363654.5479041124,2957994.7002086528,671208.8111157303,1869357.1872690395,1819512.8639786805,9732294.184685187,1148395.0826738882
2019-04-01,51875341.542498946,3415518.6615984594,1600793.2903694594,2124752.652892915,2439229.119943065,1475594.7943772776,1542259.5392964548,1457183.75109473,13246172.360203836,2667146.0700017926,3364205.4571709353,2958479.16930866,671318.7436753171,1869663.3561049893,1819810.8691642887,9733888.16854335,1148583.1702090406
2019-05-01,51883837.83900277,3416078.0653228574,1601055.4730179375,2125100.651151808,2439628.6240856415,1475836.471646665,1542512.1351144693,1457422.4129491244,13248341.857397815,2667582.903054953,3364756.456667305,2958963.7177564474,671428.6942399832,1869969.575086175,1820108.923158066,9735482.413468895,1148771.288549725
2019-06-01,51892335.5270551,3416637.560668047,1601317.698607463,2125448.706406882,2440028.1936601847,1476078.1884986684,1542764.772303372,1457661.1138922607,13250511.70991844,2668019.8076539193,3365307.546407997,2959448.345565008,671538.662812677,1870275.8442208085,1820407.0259680054,9737076.919504575,1148959.4377009857
2019-07-01,51900834.606883846,3417197.1476490353,1601579.9671450693,2125796.8186674733,2440427.828677412,1476319.944939771,1543017.450869939,1457899.853930542,13252681.917823914,2668456.78381041,3365858.726407793,2959933.0527473413,671648.6493963482,1870582.1635171047,1820705.1776021027,9738671.68669316,1149147.6176678697
2019-08-01,51909335.07871697,3417756.826280831,1601842.2786377906,2126144.9879429173,2440827.5291480417,1476561.740976457,1543270.1708209473,1458138.633070371,13254852.481172446,2668893.831536145,3366409.996681476,2960417.8393164473,671758.6539939465,1870888.5329832793,1821003.3780683547,9740266.71507742,1149335.828455424
2019-09-01,51917836.94278246,3418316.5965784444,1602104.6330926623,2126493.2142425533,2441227.2950827945,1476803.5766152116,1543522.932163175,1458377.4513181527,13257023.400022248,2669330.9508428467,3366961.3572438313,2960902.7052853284,671868.6766084225,1871194.9526275492,1821301.627374759,9741862.004700137,1149524.0700686965
2019-10-01,51926340.19930832,3418876.458556888,1602367.0305167204,2126841.4975757194,2441627.1264923904,1477045.4518625203,1543775.7349034008,1458616.3086802913,13259194.67443154,2669768.1417422374,3367512.8081096457,2961387.650666988,671978.7172427268,1871501.422458132,1821599.9255293142,9743457.555604093,1149712.3425127359
2019-11-01,51934844.84852263,3419436.4122311794,1602629.470917003,2127189.8379517575,2442027.023387555,1477287.3667248709,1544028.5790484054,1458855.2051631934,13261366.304458564,2670205.404246044,3368064.34929371,2961872.6754744337,672088.7758998111,1871807.9424832484,1821898.2725400217,9745053.367832085,1149900.6457925914
2019-12-01,51943350.89065349,3419996.4576163357,1602891.954300549,2127538.2353800107,2442426.9857790135,1477529.3212087515,1544281.4646049705,1459094.1407732666,13263538.290161563,2670642.738365994,3368615.980810818,2962357.7797206733,672198.8525826269,1872114.5127111191,1822196.668414883,9746649.441426914,1150088.979913314
2020-01-01,51829023.0,3391946.0,1600837.0,2121029.0,2418346.0,1463882.0,1542840.0,1450062.0,13427014.0,2639422.0,3340216.0,2942828.0,674635.0,1851549.0,1804104.0,9668465.0,1136017.0
2020-02-01,51837511.710316256,3392501.5429243264,1601099.18980737,2121376.388388035,2418742.083843573,1464121.7589133638,1543092.690887581,1450299.4954329857,13429213.115971342,2639854.292323171,3340763.070432289,2943309.985053096,674745.493710912,1851852.2521584935,1804399.4814763998,9670048.529725958,1136203.0602162487
2020-03-01,51846001.810938545,3393057.1768371123,1601361.4225569605,2121723.8336723647,2419138.232558927,1464361.55709515,1543345.4231616217,1450537.0297636744,13431412.592120387,2640286.655448455,3341310.230465388,2943792.0490471264,674856.0055188099,1852155.5539845205,1804695.011347628,9671632.318807088,1136389.1509059889
2020-04-01,51854493.30209455,3393612.901753259,1601623.6982558041,2122071.3358623083,2419534.446156686,1464601.3945517894,1543598.1968288994,1450774.6029984364,13433612.428506123,2640719.089387446,3341857.480113971,2944274.19199502,674966.5354266576,1852458.905486215,1804990.58962161,9673216.367285866,1136575.2720742112
2020-05-01,51862986.18401205,3394168.7176876734,1601886.016910936,2122418.8949671863,2419930.7246474777,1464841.2712897158,1543851.0118961947,1451012.215143644,13435812.625187559,2641151.5941517446,3342404.819392717,2944756.4139097086,675077.0834374202,1852762.3066717142,1805286.2163062743,9674800.67520478,1136761.4237259077
2020-06-01,51871480.45691879,3394724.6246552602,1602148.3785293908,2122766.51099632,2420327.0680419295,1465081.1873153618,1544103.8683702871,1451249.8662056697,13438013.182223693,2641584.169752949,3342952.2483163043,2945238.7148041246,675187.6495540618,1853065.757549154,1805581.891409549,9676385.242606316,1136947.6058660706
2020-07-01,51879976.12104262,3395280.6226709313,1602410.7831182058,2123114.183959032,2420723.476350672,1465321.1426351622,1544356.7662579592,1451487.5561908875,13440214.099673554,2642016.816202662,3343499.766899416,2945721.0946912044,675298.2337795483,1853369.2581266742,1805877.6149393646,9677970.069532977,1137133.818499694
2020-08-01,51888473.176611386,3395836.711749598,1602673.2306844187,2123461.913864648,2421119.949584337,1465561.1372555532,1544609.7055659937,1451725.2851056724,13442415.37759617,2642449.533512487,3344047.3751567374,2946203.5535838855,675408.8361168456,1853672.8084124147,1806173.3869036525,9679555.15602727,1137320.0616317722
2020-09-01,51896971.62385299,3396392.891906175,1602935.7212350685,2123809.7007224946,2421516.4877535584,1465801.1711829714,1544862.6863011743,1451963.052956401,13444617.016050579,2642882.3216940304,3344595.0731029552,2946686.091495108,675519.4565689202,1853976.4084145168,1806469.2073103457,9681140.502131708,1137506.3352673
2020-10-01,51905471.46299535,3396949.1631555785,1603198.2547771947,2124157.544541898,2421913.0908689704,1466041.2444238542,1545115.7084702859,1452200.859749449,13446819.015095828,2643315.1807588986,3345142.8607527576,2947168.7084378125,675630.0951387385,1854280.0581411226,1806765.0761673776,9682726.107888805,1137692.6394112732
2020-11-01,51913972.69426645,3397505.525512729,1603460.8313178394,2124505.445332189,2422309.7589412113,1466281.356984641,1545368.7720801153,1452438.7054911954,13449021.374790981,2643748.110718702,3345690.7381208385,2947651.4044249444,675740.7518292685,1854583.7576003768,1807060.993482684,9684311.973341092,1137878.9740686892
2020-12-01,51922475.3178943,3398061.9789925483,1603723.450864045,2124853.4031026983,2422706.4919809196,1466521.5088717714,1545621.8771374496,1452676.5901880197,13451224.095195103,2644181.1115850518,3346238.7052218914,2948134.17946945,675851.4266434778,1854887.5068004248,1807356.9592642018,9685898.098531105,1138065.339244545
2021-01-01,51638809.0,3350380.0,1597427.0,2119257.0,2385412.0,1452251.0,1538492.0,1441611.0,13565450.0,2626609.0,3314183.0,2948375.0,676759.0,1832803.0,1786855.0,9509458.0,1121592.0
2021-02-01,51647266.55650608,3350928.7351221996,1597688.6313075083,2119604.098164646,2385802.6898158765,1452488.8539538647,1538743.9787593118,1441847.1113032699,13567671.789427899,2627039.1937722242,3314725.8066707347,2948857.8935571234,676869.8415858991,1833103.1818833007,1787147.6563842841,9511015.487090325,1121775.6976471858
2021-03-01,51655725.49821573,3351477.5601178566,1597950.3054657644,2119951.253178054,2386193.443620084,1452726.746864152,1538995.9987884483,1442083.2612775457,13569893.942747025,2627469.4580028546,3315268.702243948,2949340.8662039787,676980.7013257602,1833403.4129312758,1787440.3607006946,9512573.22927048,1121959.4253809142
2021-04-01,51664185.8253558,3352026.4750016904,1598212.0224817856,2120298.465049534,2386584.261423102,1452964.6787372418,1539248.0600941686,1442319.4499291608,13572116.460016977,2627899.7927034292,3315811.6867341995,2949823.917953518,677091.5792225566,1833703.6931519776,1787733.112957081,9514131.226582246,1122143.1832061128
2021-05-01,51672647.53815322,3352575.4797884244,1598473.7823625926,2120645.733788399,2386975.143235414,1453202.6495795161,1539500.1626832336,1442555.6772644506,13574339.34129737,2628330.197885492,3316354.760156054,2950307.0488187,677202.4752792622,1834004.0225534607,1788025.9131612966,9515689.479067411,1122326.9711277105
2021-06-01,51681110.63683493,3353124.5744927814,1598735.5851152048,2120993.0594039625,2387366.089067501,1453440.6593973567,1539752.3065624044,1442791.94328975,13576562.586647812,2628760.673560584,3316897.9225240746,2950790.258812479,677313.3894988509,1834304.4011437786,1788318.761321193,9517247.986767761,1122510.789150636
2021-07-01,51689575.121627904,3353673.7591294893,1598997.4307466445,2121340.4419055404,2387757.098929851,1453678.7081971478,1540004.4917384435,1443028.2480113965,13578786.196127942,2629191.219740253,3317441.173852831,2951273.5479478175,677424.3218842979,1834604.8289309884,1788611.6574446254,9518806.749725105,1122694.6372798197
2021-08-01,51698040.99275918,3354223.033713278,1599259.3192639344,2121687.8813024494,2388148.1728329496,1453916.7959852738,1540256.718218115,1443264.5914357274,13581010.16979739,2629621.836436046,3317984.5141568934,2951756.916237676,677535.2724385783,1834905.305923148,1788904.601539449,9520365.767981244,1122878.5155201924
2021-09-01,51706508.25045582,3354772.398258879,1599521.2506740985,2122035.377604008,2388539.310787286,1454154.9227681204,1540508.9860081838,1443500.9735690819,13583234.507715814,2630052.523659512,3318527.943450834,2952240.3636950203,677646.241164668,1835205.8321283162,1789197.5936135212,9521925.041577995,1123062.4238766863
2021-10-01,51714976.89494489,3355321.852781025,1599783.2249841613,2122382.930819536,2388930.512803351,1454393.0885520736,1540761.2951154152,1443737.3944177993,13585459.209942859,2630483.2814222015,3319071.4617492273,2952723.8903328143,677757.2280655429,1835506.4075545524,1789490.633674699,9523484.570557173,1123246.3623542332
2021-11-01,51723446.92645355,3355871.3972944547,1600045.24220115,2122730.540958355,2389321.778891636,1454631.2933435221,1541013.645546577,1443973.8539882211,13587684.276538203,2630914.109735669,3319615.0690666516,2953207.4961640285,677868.23314418,1835807.032209919,1789783.7217308434,9525044.354960611,1123430.3309577666
2021-12-01,51731918.34520898,3356421.031813907,1600307.3023320918,2123078.208029789,2389713.1090626363,1454869.5371488542,1541266.037308437,1444210.3522866892,13589909.707561519,2631345.008611469,3320158.7654176867,2953691.181201633,677979.2564035566,1836107.706102479,1790076.8577898145,9526604.394830141,1123614.329692221
