datetime,Residential,General,Educational,Industrial,Agricultural,Streetlights,Other,Total Electricity Usage
2002-01-01,"6,323,269,344","9,772,057,577","726,643,939","23,304,507,726","1,583,005,586","278,592,344","783,024,467","42,771,100,983"
2002-02-01,"3,690,630,583","4,543,830,568","208,953,751","10,968,891,975","543,693,386","178,745,334","2,078,371,768","22,213,117,365"
2002-03-01,"3,381,799,464","4,190,149,710","219,840,563","12,238,304,815","484,704,945","171,837,764","1,843,120,344","22,529,757,605"
2002-04-01,"3,485,039,703","4,302,881,423","246,499,645","12,389,697,111","454,951,773","163,427,534","1,477,703,581","22,520,200,770"
2002-05-01,"3,339,276,241","4,261,000,950","234,870,741","12,549,989,525","423,559,710","153,479,589","1,024,606,228","21,986,782,984"
2002-06-01,"3,399,293,351","4,665,545,583","239,560,827","12,319,476,583","500,023,985","148,149,319","665,778,415","21,937,828,063"
2002-07-01,"3,484,621,706","5,093,742,234","245,497,018","12,671,641,419","486,894,325","147,739,012","438,817,378","22,568,953,092"
2002-08-01,"3,904,736,835","5,822,455,401","233,343,391","12,310,993,551","538,756,752","155,146,160","370,623,472","23,336,055,562"
2002-09-01,"3,673,080,863","5,357,448,332","252,162,133","12,227,373,052","514,298,675","164,156,249","429,583,290","22,618,102,594"
2002-10-01,"3,510,114,633","4,505,714,060","236,992,047","13,025,854,863","450,355,131","181,043,616","742,225,829","22,652,300,179"
2002-11-01,"3,732,931,925","4,690,035,585","281,620,377","12,780,054,535","784,417,692","195,108,575","1,527,314,774","23,991,483,463"
2002-12-01,"3,852,439,499","4,962,095,340","297,902,510","12,576,305,927","519,867,823","206,302,921","2,038,310,370","24,453,224,390"
2003-01-01,"4,202,620,215","5,398,275,671","276,254,279","13,022,574,592","546,140,350","213,600,495","2,423,431,892","26,082,897,494"
2003-02-01,"4,113,119,860","5,138,327,307","250,273,429","11,927,170,163","576,940,914","199,128,859","2,431,528,039","24,636,488,571"
2003-03-01,"3,632,033,754","4,649,447,538","266,497,238","13,083,096,823","480,044,349","181,085,000","1,972,698,606","24,264,903,308"
2003-04-01,"3,783,886,353","4,684,438,963","291,117,803","12,966,769,749","458,663,798","171,169,814","1,680,680,121","24,036,726,601"
2003-05-01,"3,616,245,011","4,546,571,705","256,506,383","12,830,580,936","420,079,845","159,503,607","1,122,195,041","22,951,682,528"
2003-06-01,"3,659,187,473","4,985,885,141","271,502,511","12,961,469,565","478,959,789","152,205,300","663,425,496","23,172,635,275"
2003-07-01,"3,669,708,099","5,356,825,021","277,426,958","12,910,041,564","452,990,044","151,745,603","499,725,517","23,318,462,806"
2003-08-01,"4,005,427,416","5,976,094,086","254,850,715","12,656,503,656","505,175,128","163,124,258","438,499,257","23,999,674,516"
2003-09-01,"3,984,494,267","5,664,915,768","275,971,723","12,424,677,793","511,459,774","172,867,813","479,013,875","23,513,401,013"
2003-10-01,"3,700,111,424","4,850,082,010","267,450,377","13,302,849,948","449,027,450","190,330,769","726,911,833","23,486,763,811"
2003-11-01,"3,917,975,807","4,887,749,839","296,576,475","13,223,011,168","670,416,582","205,136,190","1,360,055,826","24,560,921,887"
2003-12-01,"4,024,213,707","5,263,144,603","333,553,993","13,671,725,962","484,958,371","215,200,793","1,879,024,697","25,871,822,126"
2004-01-01,"4,281,193,230","5,663,017,381","308,394,382","13,076,070,870","532,126,826","220,330,267","2,334,010,077","26,415,143,033"
2004-02-01,"4,409,715,096","5,653,927,533","281,369,526","13,038,455,054","594,667,085","209,818,204","2,559,869,097","26,747,821,595"
2004-03-01,"3,965,311,566","5,217,390,333","305,516,361","13,745,991,398","511,468,935","198,714,905","2,063,508,466","26,007,901,964"
2004-04-01,"3,999,692,877","5,103,648,757","317,306,645","13,479,442,226","486,478,352","188,440,141","1,701,001,783","25,276,010,781"
2004-05-01,"3,812,558,375","4,889,595,262","279,073,888","13,566,421,552","453,905,276","174,226,147","1,084,516,307","24,260,296,807"
2004-06-01,"3,866,174,685","5,412,175,518","309,014,821","13,816,649,952","522,549,587","165,856,442","716,071,180","24,808,492,185"
2004-07-01,"3,938,736,326","6,051,174,415","331,671,467","13,774,559,780","495,779,536","163,785,752","490,829,067","25,246,536,343"
2004-08-01,"4,750,733,276","7,135,972,038","319,811,385","13,501,991,625","642,659,816","176,087,726","393,295,989","26,920,551,855"
2004-09-01,"4,182,977,484","6,203,473,645","318,205,615","13,402,784,417","579,797,333","187,460,113","436,283,975","25,310,982,582"
2004-10-01,"3,875,052,899","5,139,377,407","288,108,292","13,690,048,426","489,303,838","206,036,366","755,186,261","24,443,113,489"
2004-11-01,"4,062,977,450","5,189,317,109","322,360,083","13,859,974,271","808,504,517","223,013,602","1,314,152,607","25,780,299,639"
2004-12-01,"4,160,581,526","5,563,797,756","356,686,081","14,132,200,746","529,188,620","233,664,673","1,875,708,865","26,851,828,267"
2005-01-01,"4,571,610,845","6,326,850,584","356,270,160","14,291,237,479","579,722,397","242,626,053","2,506,904,047","28,875,221,565"
2005-02-01,"4,541,458,942","6,125,197,957","321,001,713","12,703,093,514","630,451,179","226,190,970","2,613,473,825","27,160,868,100"
2005-03-01,"4,128,302,424","5,681,692,598","364,245,330","14,383,999,563","568,244,061","213,566,974","2,333,752,550","27,673,803,500"
2005-04-01,"4,250,788,960","5,571,272,249","368,271,980","14,153,096,482","541,463,827","206,176,795","1,928,583,601","27,019,653,894"
2005-05-01,"3,961,015,623","5,227,222,666","307,822,330","14,284,313,740","508,504,597","191,843,124","1,101,178,705","25,581,900,785"
2005-06-01,"4,183,277,324","5,971,729,941","347,187,776","14,416,145,912","598,938,504","188,709,402","759,248,234","26,465,237,093"
2005-07-01,"4,225,787,174","6,682,299,067","376,074,511","14,512,291,794","561,919,574","181,519,314","482,080,475","27,021,971,909"
2005-08-01,"4,767,614,337","7,450,956,279","341,625,651","14,297,607,606","636,065,035","190,564,185","400,874,424","28,085,307,517"
2005-09-01,"4,390,545,587","6,710,068,428","359,903,003","14,221,197,102","616,893,746","203,888,460","472,300,389","26,974,796,715"
2005-10-01,"4,078,880,571","5,604,226,704","319,997,804","14,296,648,335","533,667,696","220,393,667","769,361,652","25,823,176,429"
2005-11-01,"4,207,493,743","5,576,026,649","361,321,843","14,653,979,468","807,237,990","234,643,994","1,467,685,591","27,308,389,278"
2005-12-01,"4,521,363,144","6,503,572,065","445,764,559","15,446,441,062","606,152,867","250,911,002","2,393,410,443","30,167,615,142"
2006-01-01,"4,877,107,368","7,142,653,504","427,218,289","15,096,894,075","664,770,122","254,482,482","2,959,244,938","31,422,370,778"
2006-02-01,"4,709,764,617","6,619,704,163","374,244,944","14,222,450,769","674,745,883","237,695,445","2,763,791,245","29,602,397,066"
2006-03-01,"4,216,679,247","6,005,595,131","401,828,382","15,147,306,937","579,307,023","222,177,479","2,303,710,248","28,876,604,447"
2006-04-01,"4,438,354,595","5,996,351,991","417,175,858","14,775,273,511","560,656,081","216,807,260","2,047,671,197","28,452,290,493"
2006-05-01,"4,110,157,329","5,606,767,311","352,186,064","14,894,326,252","515,631,102","200,555,679","1,309,033,838","26,988,657,575"
2006-06-01,"4,243,343,887","6,121,940,940","363,741,657","14,956,592,653","564,126,471","195,609,363","807,509,206","27,252,864,177"
2006-07-01,"4,316,354,544","6,736,664,496","384,543,115","14,873,848,316","546,298,196","190,231,103","586,784,690","27,634,724,460"
2006-08-01,"4,957,756,085","7,735,615,011","397,945,478","15,003,814,021","669,957,372","196,621,244","525,485,208","29,487,194,419"
2006-09-01,"4,690,795,518","7,226,053,456","419,294,937","15,302,348,256","678,738,869","214,271,015","518,058,002","29,049,560,053"
2006-10-01,"4,072,912,048","5,679,940,554","328,808,246","14,318,004,934","554,945,426","228,320,573","778,512,597","25,961,444,378"
2006-11-01,"4,407,899,877","5,952,300,809","399,007,066","15,197,326,254","861,488,575","249,154,452","1,449,530,113","28,516,707,146"
2006-12-01,"4,632,347,514","6,685,283,890","482,580,255","15,776,073,224","629,545,540","261,042,058","2,457,468,383","30,924,340,864"
2007-01-01,"4,808,455,304","7,112,760,236","447,239,570","15,988,879,439","670,356,932","261,988,118","2,825,038,940","32,114,718,539"
2007-02-01,"4,841,049,301","6,976,054,608","413,056,302","14,596,210,224","725,793,629","248,106,163","2,889,325,665","30,689,595,892"
2007-03-01,"4,294,379,310","6,147,178,873","424,447,117","15,697,681,446","602,505,128","230,651,239","2,332,341,439","29,729,184,552"
2007-04-01,"4,561,280,247","6,322,681,917","454,045,251","15,670,987,292","597,008,238","224,386,664","2,133,657,479","29,964,047,088"
2007-05-01,"4,275,467,885","5,936,424,183","382,858,279","15,902,369,736","576,165,283","208,918,584","1,349,760,957","28,631,964,907"
2007-06-01,"4,358,989,225","6,450,243,956","402,321,436","15,947,058,858","644,726,284","199,594,643","807,222,323","28,810,156,725"
2007-07-01,"4,405,375,101","7,157,024,003","441,114,407","16,069,528,926","603,937,531","196,043,281","573,455,360","29,446,478,609"
2007-08-01,"5,106,711,741","8,213,476,977","429,530,115","16,065,970,970","715,017,760","208,168,287","524,421,477","31,263,297,327"
2007-09-01,"4,965,882,649","7,622,118,249","462,206,590","15,718,104,722","720,106,654","220,469,573","578,283,760","30,287,172,197"
2007-10-01,"4,416,622,153","6,311,451,032","397,778,879","16,010,437,910","602,752,051","238,726,682","820,363,262","28,798,131,969"
2007-11-01,"4,605,086,008","6,408,843,094","454,316,136","16,489,301,342","890,193,666","261,711,003","1,729,951,862","30,839,403,111"
2007-12-01,"4,779,070,580","7,216,505,317","548,012,181","16,982,708,577","725,591,173","273,406,798","2,570,949,169","33,096,243,795"
2008-01-01,"5,114,344,280","7,829,408,345","502,223,994","17,258,114,595","740,858,700","280,682,255","2,941,403,855","34,667,036,024"
2008-02-01,"5,148,231,357","7,842,249,924","492,743,162","16,014,173,657","778,363,692","265,230,444","3,197,773,779","33,738,766,015"
2008-03-01,"4,660,019,038","7,040,368,268","510,716,951","17,048,857,047","726,834,544","249,184,615","2,613,517,564","32,849,498,027"
2008-04-01,"4,721,893,359","6,615,451,838","474,191,203","16,639,936,515","629,689,819","237,858,342","1,961,249,332","31,280,270,408"
2008-05-01,"4,424,329,174","6,186,109,503","391,495,832","16,651,504,554","607,339,879","220,663,066","1,223,172,864","29,704,614,872"
2008-06-01,"4,518,292,139","6,598,109,856","420,437,456","16,725,174,928","642,282,712","209,808,280","837,831,035","29,951,936,406"
2008-07-01,"4,674,317,718","7,598,754,091","492,075,576","17,377,014,458","646,930,581","201,047,798","593,385,370","31,583,525,592"
2008-08-01,"5,355,721,625","8,514,654,070","459,946,568","16,813,047,265","784,795,482","203,756,959","463,623,298","32,595,545,267"
2008-09-01,"4,843,068,950","7,561,336,731","469,902,424","16,591,309,361","753,003,149","213,117,817","487,400,171","30,919,138,603"
2008-10-01,"4,487,403,615","6,587,014,361","431,361,509","16,826,082,464","659,824,201","230,820,570","768,561,705","29,991,068,425"
2008-11-01,"4,735,904,241","6,589,982,751","472,238,608","15,865,637,104","983,467,267","249,179,328","1,555,220,558","30,451,629,857"
2008-12-01,"4,917,818,958","7,495,370,854","613,089,546","15,784,365,030","764,207,472","261,408,135","2,415,877,327","32,252,137,322"
2009-01-01,"5,334,041,854","8,385,693,734","582,164,381","15,377,958,349","854,660,642","271,414,443","3,113,637,479","33,919,570,882"
2009-02-01,"5,296,405,841","7,857,484,404","530,400,772","15,138,866,005","848,557,952","256,487,726","2,958,656,681","32,886,859,381"
2009-03-01,"4,633,361,762","7,085,481,623","563,586,235","16,582,685,088","755,193,938","237,645,130","2,334,186,844","32,192,140,620"
2009-04-01,"4,881,421,778","6,921,736,057","543,185,332","16,772,714,837","721,146,313","234,162,251","1,981,992,006","32,056,358,574"
2009-05-01,"4,598,255,631","6,430,039,341","432,694,555","16,419,372,166","665,592,989","218,660,949","1,262,547,700","30,027,163,331"
2009-06-01,"4,681,112,218","6,891,529,889","480,972,158","16,890,851,384","711,177,080","212,762,055","788,348,144","30,656,752,928"
2009-07-01,"4,740,683,599","7,737,641,602","534,517,640","17,524,287,678","696,040,513","207,133,325","560,835,184","32,001,139,541"
2009-08-01,"5,172,693,629","8,390,262,686","477,758,534","17,048,688,571","775,499,952","225,651,814","530,025,252","32,620,580,438"
2009-09-01,"5,003,665,283","7,966,074,287","546,817,497","17,996,980,197","831,426,341","237,718,399","504,472,748","33,087,154,752"
2009-10-01,"4,642,033,506","6,701,720,949","454,010,789","17,077,276,643","707,114,735","259,040,788","791,062,983","30,632,260,393"
2009-11-01,"4,995,138,324","6,856,353,661","537,253,062","17,768,712,933","1,093,023,742","283,054,078","1,540,659,764","33,074,195,564"
2009-12-01,"5,162,969,814","7,991,904,089","719,779,458","18,710,460,723","850,094,923","285,139,279","2,426,417,125","36,146,765,411"
2010-01-01,"5,657,148,077","9,251,301,658","716,252,799","19,064,203,380","998,914,929","294,615,883","3,208,569,597","39,191,006,323"
2010-02-01,"5,565,745,644","8,766,303,827","665,088,613","17,440,234,129","995,878,116","272,881,717","3,035,245,978","36,741,378,024"
2010-03-01,"4,872,638,115","7,435,412,771","644,646,096","18,660,218,545","850,587,157","249,928,519","2,367,511,929","35,080,943,132"
2010-04-01,"5,155,672,556","7,595,401,361","668,842,135","18,765,989,602","828,566,146","248,031,687","2,234,645,538","35,497,149,025"
2010-05-01,"4,849,907,058","6,897,527,986","499,430,902","18,690,095,311","721,843,402","235,507,899","1,469,217,292","33,363,529,850"
2010-06-01,"4,881,625,489","7,289,234,251","523,850,370","18,853,251,486","750,618,354","221,930,241","853,573,004","33,374,083,195"
2010-07-01,"5,045,163,045","8,431,165,887","609,064,069","19,476,470,484","764,218,932","220,757,947","536,222,087","35,083,062,451"
2010-08-01,"5,899,112,393","9,558,435,428","574,022,730","19,148,711,341","891,943,334","229,604,620","480,011,679","36,781,841,525"
2010-09-01,"5,685,132,074","8,942,747,518","650,689,705","18,875,161,743","914,212,119","244,140,707","469,463,570","35,781,547,436"
2010-10-01,"4,855,240,331","6,991,614,336","481,365,767","18,958,831,740","743,158,346","258,769,796","802,412,108","33,091,392,424"
2010-11-01,"5,088,730,488","7,381,266,590","587,637,199","19,641,802,467","1,065,668,059","282,142,578","1,569,279,183","35,616,526,564"
2010-12-01,"5,332,843,157","8,398,590,048","758,006,064","20,701,998,062","952,915,249","296,909,983","2,320,602,549","38,761,865,112"
2011-01-01,"5,866,320,279","10,004,845,097","806,552,869","21,361,019,713","1,115,748,918","312,105,037","3,072,916,805","42,539,508,718"
2011-02-01,"5,795,191,241","9,400,947,622","729,822,632","18,872,489,650","1,123,083,215","285,262,168","3,118,349,879","39,325,146,407"
2011-03-01,"4,969,247,589","7,996,012,112","705,822,793","20,714,512,249","960,878,611","260,432,464","2,313,282,094","37,920,187,912"
2011-04-01,"5,209,565,908","7,723,458,349","652,071,547","20,485,737,525","887,359,679","252,625,881","2,005,165,019","37,215,983,908"
2011-05-01,"4,911,473,433","7,026,095,368","498,615,873","20,279,105,684","726,446,759","231,138,629","1,299,804,744","34,972,680,490"
2011-06-01,"4,921,485,333","7,461,361,248","525,436,203","20,569,071,720","770,540,374","225,891,621","785,074,857","35,258,861,356"
2011-07-01,"5,066,107,728","8,397,296,778","596,567,731","21,154,093,301","767,147,854","216,286,736","572,109,805","36,769,609,933"
2011-08-01,"5,710,365,821","9,440,633,823","567,925,126","20,496,378,824","896,289,451","228,911,466","506,576,588","37,847,081,099"
2011-09-01,"5,366,794,287","8,637,658,245","606,719,172","20,077,209,458","940,691,443","249,855,980","490,883,375","36,369,811,960"
2011-10-01,"4,867,076,303","7,181,005,588","497,563,803","20,694,101,396","793,271,832","268,708,992","808,033,781","35,109,761,695"
2011-11-01,"5,168,316,099","7,309,431,732","558,033,502","20,657,044,274","1,097,941,147","286,577,252","1,283,730,656","36,361,074,662"
2011-12-01,"5,350,588,519","8,369,969,506","747,139,518","21,356,886,724","971,967,614","298,655,240","2,019,569,124","39,114,776,245"
2012-01-01,"5,813,954,325","9,766,570,989","789,243,611","21,220,029,329","1,204,933,647","305,295,110","2,806,036,111","41,906,063,122"
2012-02-01,"5,856,815,200","9,622,023,958","773,038,682","20,692,219,674","1,243,431,118","288,529,098","2,878,738,188","41,354,795,918"
2012-03-01,"5,291,003,273","8,468,873,560","751,699,299","21,528,975,475","1,125,882,174","266,551,882","2,321,938,798","39,754,924,461"
2012-04-01,"5,375,327,162","7,911,790,308","670,374,650","20,810,127,002","1,008,051,722","256,844,473","1,917,578,937","37,950,094,254"
2012-05-01,"4,941,387,145","7,202,187,748","512,548,195","21,107,490,291","814,990,804","236,870,524","1,040,758,246","35,856,232,953"
2012-06-01,"4,998,644,986","7,680,554,270","531,100,699","21,122,396,535","890,082,613","225,286,499","629,252,626","36,077,318,228"
2012-07-01,"5,137,702,735","8,685,774,153","592,027,318","21,611,082,547","855,106,692","219,628,633","484,281,074","37,585,603,152"
2012-08-01,"6,423,601,400","9,587,071,281","613,568,533","20,941,051,540","1,096,326,255","231,325,130","440,064,746","39,333,008,885"
2012-09-01,"5,550,829,183","8,725,632,451","593,494,796","20,768,336,879","1,016,305,005","243,496,427","445,108,885","37,343,203,626"
2012-10-01,"4,929,512,111","6,839,107,468","483,734,021","20,503,951,992","837,383,090","265,816,533","698,446,140","34,557,951,355"
2012-11-01,"5,289,507,933","7,545,858,117","612,470,101","21,134,221,977","1,280,642,618","287,459,209","1,402,883,309","37,553,043,264"
2012-12-01,"5,560,693,926","9,004,959,328","866,075,192","21,967,687,838","1,207,138,282","302,551,899","2,269,692,445","41,178,798,910"
2013-01-01,"6,032,027,312","10,245,115,055","884,050,467","22,317,624,959","1,425,357,259","304,383,869","2,857,253,396","44,065,812,317"
2013-02-01,"5,890,422,067","9,504,197,771","801,339,922","20,024,635,386","1,404,894,228","284,714,572","2,716,398,612","40,626,602,558"
2013-03-01,"5,102,695,182","8,098,823,401","704,224,033","21,693,016,209","1,194,829,120","264,158,696","2,078,250,656","39,135,997,297"
2013-04-01,"5,367,918,731","7,867,921,601","688,419,846","21,611,451,452","1,084,812,089","257,006,217","1,766,780,734","38,644,310,670"
2013-05-01,"5,023,967,281","7,327,011,936","552,768,899","21,849,518,131","909,890,855","238,462,770","1,200,608,978","37,102,228,850"
2013-06-01,"5,093,064,472","7,794,015,896","546,323,802","21,796,334,345","907,987,025","229,153,582","639,106,159","37,005,985,281"
2013-07-01,"5,408,448,270","8,758,022,171","623,539,444","22,397,716,429","908,424,797","219,423,373","462,257,062","38,777,831,546"
2013-08-01,"6,355,327,546","9,911,275,452","616,698,865","21,507,035,698","1,205,459,973","232,337,408","424,253,741","40,252,388,683"
2013-09-01,"5,709,767,759","8,772,781,251","601,688,086","21,520,231,157","1,182,178,035","247,633,400","386,405,022","38,420,684,710"
2013-10-01,"4,938,679,201","7,268,233,756","492,773,136","22,128,464,768","930,036,468","267,524,071","560,402,670","36,586,114,070"
2013-11-01,"5,225,423,375","7,497,396,361","592,826,691","22,038,499,385","1,301,532,365","289,196,725","1,208,877,572","38,153,752,474"
2013-12-01,"5,448,875,531","8,751,591,602","793,442,528","22,934,513,336","1,250,043,001","300,365,733","2,000,719,798","41,479,551,529"
2014-01-01,"5,819,531,482","9,707,046,443","774,689,382","22,843,771,177","1,455,407,423","307,491,988","2,440,069,135","43,348,007,030"
2014-02-01,"5,812,496,906","9,192,047,882","717,651,767","20,969,566,387","1,445,586,538","288,044,492","2,398,077,601","40,823,471,573"
2014-03-01,"5,079,728,661","8,117,003,892","675,854,281","22,964,739,951","1,259,154,538","265,468,703","1,870,127,552","40,232,077,578"
2014-04-01,"5,287,487,802","7,666,845,845","599,566,274","22,519,673,358","1,120,737,094","257,979,596","1,424,306,195","38,876,596,164"
2014-05-01,"4,967,137,001","7,190,632,102","488,547,964","22,250,173,480","957,939,256","240,844,610","914,565,901","37,009,840,314"
2014-06-01,"5,103,456,419","7,857,692,115","524,440,225","22,522,156,109","1,003,539,692","230,899,905","577,381,269","37,819,565,734"
2014-07-01,"5,237,635,610","8,776,261,658","606,282,099","23,664,672,847","1,008,949,422","227,286,671","450,613,043","39,971,701,350"
2014-08-01,"5,856,657,372","9,456,073,659","558,727,073","22,283,915,711","1,198,255,065","240,542,245","413,962,518","40,008,133,643"
2014-09-01,"5,363,562,961","8,422,184,009","547,601,022","21,943,967,620","1,175,605,262","256,570,288","428,870,979","38,138,362,141"
2014-10-01,"4,946,641,298","7,469,583,175","503,941,233","23,032,234,283","994,512,154","278,318,848","566,791,278","37,792,022,269"
2014-11-01,"5,303,457,677","7,625,327,560","572,030,310","22,294,005,398","1,437,069,807","301,701,505","1,168,863,537","38,702,455,794"
2014-12-01,"5,574,494,022","9,077,317,197","846,723,714","23,542,589,028","1,350,235,707","313,291,118","1,885,789,858","42,590,440,644"
2015-01-01,"6,113,614,517","10,229,183,116","834,998,767","23,805,537,458","1,618,369,800","321,611,047","2,468,185,293","45,391,499,998"
2015-02-01,"5,771,866,896","9,597,428,086","752,559,472","21,452,958,410","1,594,580,740","300,271,499","2,308,642,751","41,778,307,854"
2015-03-01,"5,193,110,568","8,386,619,976","729,976,832","22,981,996,461","1,373,444,273","277,303,103","1,890,330,718","40,832,781,931"
2015-04-01,"5,403,655,993","8,031,987,159","655,537,346","22,936,960,631","1,244,784,605","269,040,763","1,495,559,237","40,037,525,734"
2015-05-01,"5,019,203,620","7,469,694,768","503,693,981","22,668,517,343","1,030,728,377","251,298,805","909,166,830","37,852,303,724"
2015-06-01,"5,105,952,144","8,015,309,967","548,766,759","22,753,623,373","1,086,077,724","240,575,880","556,387,609","38,306,693,456"
2015-07-01,"5,215,496,715","8,743,695,728","593,293,287","23,088,073,433","1,029,804,286","236,154,020","447,915,848","39,354,433,317"
2015-08-01,"6,383,429,989","10,077,231,876","592,098,507","22,862,535,064","1,322,171,274","252,009,344","413,752,655","41,903,228,709"
2015-09-01,"5,529,379,941","8,959,848,498","617,570,889","22,599,217,514","1,317,518,974","267,563,179","387,992,898","39,679,091,893"
2015-10-01,"4,973,064,025","7,575,387,937","502,854,916","22,478,567,285","1,071,623,562","289,267,011","536,803,195","37,427,567,931"
2015-11-01,"5,323,699,378","7,719,461,268","576,509,891","22,328,288,578","1,570,361,948","310,184,693","1,008,814,056","38,837,319,812"
2015-12-01,"5,560,647,093","8,814,895,100","779,950,758","23,257,445,611","1,382,869,500","321,312,024","1,630,917,146","41,748,037,232"
2016-01-01,"5,955,024,501","10,047,622,161","789,406,811","23,736,486,301","1,612,854,042","328,911,073","2,129,653,397","44,599,958,286"
2016-02-01,"6,076,089,047","10,239,105,841","803,390,391","22,054,391,572","1,698,785,483","311,397,098","2,356,684,142","43,539,843,574"
2016-03-01,"5,425,531,914","8,907,015,094","753,731,570","23,513,874,903","1,476,264,001","289,939,982","1,850,631,356","42,216,988,820"
2016-04-01,"5,418,051,357","8,061,934,796","630,587,748","23,059,011,321","1,300,983,890","281,793,400","1,344,406,368","40,096,768,880"
2016-05-01,"5,060,751,064","7,607,907,060","514,631,104","22,891,240,915","1,055,555,143","263,071,320","819,260,249","38,212,416,855"
2016-06-01,"5,172,475,131","8,410,529,428","591,041,340","23,559,587,234","1,126,846,728","252,338,880","531,399,812","39,644,218,553"
2016-07-01,"5,508,094,872","9,364,873,517","659,100,138","23,225,330,908","1,123,489,373","246,376,415","438,180,665","40,565,445,888"
2016-08-01,"7,167,286,324","10,959,367,769","661,844,887","23,429,378,478","1,501,558,074","262,257,881","403,265,945","44,384,959,358"
2016-09-01,"6,159,293,450","9,610,943,551","656,350,548","22,666,407,281","1,439,818,937","276,876,629","367,636,701","41,177,327,097"
2016-10-01,"5,092,045,745","7,940,592,154","531,591,518","23,085,560,107","1,103,407,034","295,378,216","476,803,153","38,525,377,927"
2016-11-01,"5,395,801,028","8,125,688,114","647,493,112","23,124,786,987","1,592,211,726","317,112,670","1,025,773,378","40,228,867,015"
2016-12-01,"5,600,118,930","9,289,747,553","837,165,590","24,306,989,141","1,484,181,418","332,394,014","1,653,116,093","43,503,712,739"
2017-01-01,"5,986,340,562","10,268,678,359","810,657,015","24,126,796,969","1,645,354,514","338,139,819","1,989,724,012","45,165,691,250"
2017-02-01,"6,079,906,830","10,427,394,371","806,391,700","22,819,216,920","1,750,079,328","319,503,824","2,188,376,496","44,390,869,469"
2017-03-01,"5,267,397,158","8,952,652,011","764,627,880","24,070,578,902","1,501,146,386","296,486,005","1,677,287,090","42,530,175,432"
2017-04-01,"5,508,888,054","8,344,852,100","664,041,938","23,274,113,379","1,368,124,575","290,888,080","1,332,769,682","40,783,677,808"
2017-05-01,"5,093,232,983","7,729,972,402","510,180,591","23,232,617,466","1,131,505,575","271,521,819","751,572,850","38,720,603,686"
2017-06-01,"5,179,307,124","8,455,967,901","585,856,197","23,421,542,677","1,239,273,362","262,279,968","503,601,923","39,647,829,152"
2017-07-01,"5,910,439,466","9,950,298,992","708,844,087","24,696,306,883","1,234,040,845","256,163,853","426,914,446","43,183,008,572"
2017-08-01,"7,176,182,321","11,064,624,142","678,896,602","24,299,397,475","1,457,223,102","267,587,814","383,929,091","45,327,840,547"
2017-09-01,"5,843,231,396","9,548,595,080","660,241,443","24,246,819,793","1,355,533,957","284,011,505","371,298,545","42,309,731,719"
2017-10-01,"5,148,378,855","7,938,674,136","506,396,277","22,834,979,200","1,138,461,379","303,390,709","475,116,230","38,345,396,786"
2017-11-01,"5,464,853,334","8,313,568,125","646,989,181","23,843,154,154","1,706,860,111","324,206,386","965,895,824","41,265,527,115"
2017-12-01,"5,859,200,938","10,247,288,021","969,881,050","24,953,724,844","1,656,028,376","336,507,910","1,726,897,816","45,749,528,955"
2018-01-01,"6,330,353,691","11,455,489,652","961,505,726","25,306,170,276","1,834,156,225","342,027,689","2,099,065,341","48,328,768,600"
2018-02-01,"6,421,782,069","11,585,582,658","931,860,391","23,287,141,693","1,933,918,917","324,073,014","2,232,532,544","46,716,891,286"
2018-03-01,"5,491,561,612","9,217,356,312","763,059,977","23,940,128,393","1,562,516,140","299,352,055","1,635,289,667","42,909,264,156"
2018-04-01,"5,619,560,650","8,585,216,781","660,764,612","24,274,697,124","1,395,640,932","294,761,566","1,175,414,209","42,006,055,874"
2018-05-01,"5,265,342,836","8,095,879,655","549,175,060","24,382,178,579","1,170,952,989","271,694,824","771,583,757","40,506,807,700"
2018-06-01,"5,430,357,156","8,932,706,499","601,773,429","24,023,134,289","1,252,542,808","263,731,910","516,922,804","41,021,168,895"
2018-07-01,"6,055,923,549","10,144,510,603","703,605,466","25,126,867,214","1,288,395,190","257,547,039","427,705,860","44,004,554,921"
2018-08-01,"8,848,132,686","12,333,677,017","737,537,559","25,108,607,251","1,815,030,129","275,827,915","383,842,111","49,502,654,668"
2018-09-01,"6,591,747,532","10,164,552,224","697,198,162","24,108,668,161","1,522,533,252","285,405,223","331,787,687","43,701,892,241"
2018-10-01,"5,283,569,420","8,051,592,489","527,980,077","24,075,807,696","1,211,748,668","304,067,187","497,954,960","39,952,720,497"
2018-11-01,"5,610,438,624","8,442,433,884","649,984,790","24,069,099,358","1,789,390,015","324,325,817","991,390,418","41,877,062,906"
2018-12-01,"5,918,462,588","9,863,358,419","889,983,166","25,149,851,555","1,655,860,700","334,374,278","1,476,296,538","45,288,187,244"
2019-01-01,"6,446,642,335","11,368,991,405","961,780,993","25,646,608,715","1,911,745,118","342,283,745","1,933,721,997","48,611,774,308"
2019-02-01,"6,332,054,394","10,629,432,402","784,288,141","22,494,724,422","1,886,835,258","323,773,679","1,872,269,918","44,323,378,214"
2019-03-01,"5,515,338,016","9,037,765,603","737,642,165","24,476,814,813","1,584,611,565","298,945,843","1,409,470,780","43,060,588,785"
2019-04-01,"5,774,061,947","8,841,787,332","721,062,440","24,074,367,077","1,493,131,254","293,902,303","1,214,516,571","42,412,828,924"
2019-05-01,"5,371,988,792","8,289,802,880","565,796,394","24,139,454,723","1,280,703,069","275,845,975","759,966,940","40,683,558,773"
2019-06-01,"5,457,769,966","8,888,188,975","598,517,610","23,594,725,968","1,326,310,327","265,338,671","464,008,225","40,594,859,742"
2019-07-01,"5,783,423,868","9,887,002,989","674,469,034","24,597,139,790","1,340,592,699","257,760,391","400,600,864","42,940,989,635"
2019-08-01,"7,806,375,827","11,626,445,374","669,876,048","25,092,384,834","1,677,537,886","271,485,382","387,458,892","47,531,564,243"
2019-09-01,"6,846,821,724","10,345,388,452","708,996,653","23,458,083,527","1,640,667,946","283,558,538","339,672,520","43,623,189,360"
2019-10-01,"5,580,204,623","8,697,197,325","586,437,640","23,717,165,374","1,293,945,832","301,519,812","421,163,874","40,597,634,480"
2019-11-01,"5,688,241,654","8,557,377,012","635,969,653","23,336,894,328","1,746,890,071","322,157,441","796,460,134","41,083,990,293"
2019-12-01,"6,008,740,747","9,997,987,138","912,450,073","24,464,373,136","1,626,443,602","329,719,097","1,362,809,737","44,702,523,530"
2020-01-01,"6,459,786,051","10,974,675,167","871,012,691","24,144,130,063","1,839,714,634","335,244,746","1,671,464,277","46,296,027,629"
2020-02-01,"6,467,416,651","10,483,941,198","743,232,724","22,974,888,459","1,836,799,457","320,476,384","1,641,601,124","44,468,355,997"
2020-03-01,"6,048,275,516","9,110,162,207","596,244,274","23,816,811,865","1,641,070,204","299,519,915","1,331,111,585","42,843,195,566"
2020-04-01,"6,098,775,450","8,356,835,392","489,468,236","22,623,757,004","1,524,378,893","292,387,982","1,063,737,391","40,449,340,348"
2020-05-01,"5,724,593,361","8,062,026,211","431,026,053","21,738,251,888","1,331,298,812","270,778,685","746,745,698","38,304,720,708"
2020-06-01,"5,928,622,419","9,066,323,855","532,351,209","22,092,908,456","1,375,901,442","258,993,155","474,464,445","39,729,564,981"
2020-07-01,"6,167,142,740","9,828,102,126","627,512,553","23,457,246,105","1,348,644,898","251,697,965","363,405,479","42,043,751,866"
2020-08-01,"7,376,954,930","10,790,464,826","644,743,886","23,494,675,050","1,603,454,856","261,387,637","401,654,274","44,573,335,459"
2020-09-01,"7,857,230,189","10,298,456,176","614,438,953","24,001,420,508","1,705,447,639","275,221,168","330,361,109","45,082,575,742"
2020-10-01,"5,764,060,675","8,160,572,342","472,822,118","22,610,954,850","1,305,167,249","297,295,535","430,215,954","39,041,088,723"
2020-11-01,"5,996,050,424","8,557,658,303","626,061,880","23,027,694,161","1,741,081,415","315,888,612","853,571,648","41,118,006,443"
2020-12-01,"6,386,290,741","9,894,296,021","863,521,874","24,533,488,626","1,704,489,392","323,059,531","1,292,336,582","44,997,482,767"
2021-01-01,"7,160,556,336","11,411,642,315","980,091,030","24,991,355,569","2,074,509,765","331,560,982","1,777,536,568","48,727,252,565"
2021-02-01,"6,899,314,903","10,722,426,372","816,123,718","22,746,846,514","1,990,168,170","310,513,259","1,666,680,883","45,152,073,819"
2021-03-01,"5,928,018,553","9,084,500,770","735,013,907","24,103,533,192","1,671,989,248","287,603,584","1,235,882,386","43,046,541,640"
2021-04-01,"6,084,339,458","8,641,868,349","630,647,772","23,760,459,364","1,533,939,675","285,022,643","935,889,733","41,872,166,994"
2021-05-01,"5,760,113,225","8,303,610,367","518,028,019","23,976,813,107","1,348,979,293","265,693,807","644,097,984","40,817,335,802"
2021-06-01,"6,013,753,002","9,244,615,911","594,243,808","24,010,519,547","1,403,803,751","252,843,330","487,141,218","42,006,920,567"
2021-07-01,"6,962,947,319","10,677,053,332","692,959,373","25,453,660,860","1,517,557,701","249,642,828","391,733,147","45,945,554,560"
2021-08-01,"9,266,333,224","11,952,352,146","630,914,038","24,465,467,800","1,983,874,503","264,853,561","337,373,317","48,901,168,589"
2021-09-01,"7,136,710,114","10,257,550,410","649,897,912","24,330,802,133","1,817,805,707","272,772,302","325,862,630","44,791,401,208"
2021-10-01,"6,086,135,761","9,077,887,201","574,995,975","23,947,121,151","1,480,099,924","290,362,515","357,068,286","41,813,670,813"
2021-11-01,"6,171,794,100","9,055,681,602","671,041,890","23,897,914,149","1,915,299,097","309,183,178","780,663,916","42,801,577,932"
2021-12-01,"6,416,949,332","11,065,907,312","925,445,423","25,495,423,783","1,790,641,946","319,277,930","1,207,125,160","47,220,770,886"
